Directory,File,Id
/storage/Barba_Lux_2017/,A-LIFE_20170814_212147_161.wav,Pippyg
/storage/Barba_Lux_2017/,A-LIFE_20170814_212703_655.wav,Myosp
/storage/Barba_Lux_2017/,A-LIFE_20170814_213238_720.wav,Myosp
/storage/Barba_Lux_2017/,A-LIFE_20170814_213243_720.wav,Myosp
/storage/Barba_Lux_2017/,A-LIFE_20170814_213248_720.wav,Myosp
/storage/Barba_Lux_2017/,A-LIFE_20170814_225523_254.wav,PippiT
/storage/Barba_Lux_2017/,A-LIFE_20170814_225548_254.wav,Pip35
/storage/Barba_Lux_2017/,A-LIFE_20170816_211057_174.wav,PippiT
/storage/Barba_Lux_2017/,A-LIFE_20170816_212718_762.wav,Pipnat
/storage/Barba_Lux_2017/,A-LIFE_20170816_212723_762.wav,Pipnat
/storage/Barba_Lux_2017/,A-LIFE_20170816_213643_847.wav,ENVsp
/storage/Barba_Lux_2017/,A-LIFE_20170816_213648_847.wav,ENVsp
/storage/Barba_Lux_2017/,A-LIFE_20170816_213653_847.wav,Eptser
/storage/Barba_Lux_2017/,A-LIFE_20170816_213658_847.wav,ENVsp
/storage/Barba_Lux_2017/,A-LIFE_20170816_214836_823.wav,Eptser
/storage/Barba_Lux_2017/,A-LIFE_20170816_220440_313.wav,PippiT
/storage/Barba_Lux_2017/,A-LIFE_20170819_221305_833.wav,Nycnoc
/storage/Barba_Lux_2017/,A-LIFE_20170819_221310_833.wav,Nycnoc
/storage/Barba_Lux_2017/,A-LIFE_20170819_230012_384.wav,PippiT
/storage/Barba_Lux_2017/,A-LIFE_20170819_230216_122.wav,PippiT
/storage/Barba_Lux_2017/,A-LIFE_20170819_232542_862.wav,PippiT
/storage/Barba_Lux_2017/,A-LIFE_20170819_234039_385.wav,Myodau
/storage/Barba_Lux_2017/,A-LIFE_20170820_005106_837.wav,PippiT
/storage/Barba_Lux_2017/,C-LIFE_0_20170814_205908_965.wav,PippiT
/storage/Barba_Lux_2017/,C-LIFE_0_20170814_213835_809.wav,Myomys
/storage/Barba_Lux_2017/,C-LIFE_0_20170814_214038_897.wav,Myomys
/storage/Barba_Lux_2017/,C-LIFE_0_20170814_223112_057.wav,Pippyg
/storage/Barba_Lux_2017/,C-LIFE_0_20170814_235031_995.wav,Eptser
/storage/Barba_Lux_2017/,C-LIFE_0_20170815_003148_747.wav,Myosp
/storage/Barba_Lux_2017/,C-LIFE_0_20170815_003936_085.wav,Myosp
/storage/Barba_Lux_2017/,C-LIFE_0_20170815_015449_868.wav,Myomys
/storage/Barba_Lux_2017/,C-LIFE_0_20170815_021447_983.wav,Plesp
/storage/Barba_Lux_2017/,C-LIFE_0_20170815_021839_242.wav,Pipnat
/storage/Barba_Lux_2017/,C-LIFE_0_20170815_021323_045.wav,Plesp
/storage/Barba_Lux_2017/,C-LIFE_0_20170815_023916_181.wav,Eptser
/storage/Barba_Lux_2017/,D-BARBA_20170515_222329_315.wav,Myosp
/storage/Barba_Lux_2017/,D-BARBA_20170515_224344_653.wav,Myodau
/storage/Barba_Lux_2017/,D-BARBA_20170516_022409_517.wav,Myomys
/storage/Barba_Lux_2017/,D-BARBA_20170515_235518_871.wav,PippiT
/storage/Barba_Lux_2017/,D-BARBA_20170618_021453_640.wav,Myosp
/storage/Barba_Lux_2017/,D-BARBA_20170618_031604_285.wav,Myomys
/storage/Barba_Lux_2017/,D-BARBA_20170618_040605_871.wav,Myomys
/storage/Barba_Lux_2017/,H-BARBA_20170520_222445_000.wav,PippiT
/storage/Barba_Lux_2018/,G-BARBA_20180707_221641_002.wav,PippiT
/storage/Barba_Lux_2018/,G-BARBA_20180707_231135_002.wav,Myobec
/storage/Barba_Lux_2018/,G-BARBA_20180707_231140_002.wav,Myosp
/storage/Barba_Lux_2018/,G-BARBA_20180708_004222_002.wav,Myomyo
/storage/Barba_Lux_2018/,G-BARBA_20180708_004227_002.wav,Myomyo
/storage/Barba_Lux_2018/,G-BARBA_20180708_225034_002.wav,Myosp
/storage/Barba_Lux_2018/,G-BARBA_20180708_231521_002.wav,PippiT
/storage/Barba_Lux_2018/,G-BARBA_20180709_013038_002.wav,Plesp
/storage/Barba_Lux_2018/,G-BARBA_20180709_013043_002.wav,Plesp
/storage/Barba_Lux_2018/,G-BARBA_20180709_035534_002.wav,PippiT
/storage/Barba_Lux_2018/,G-BARBA_20180709_045141_002.wav,Myosp
/storage/Barba_Lux_2018/,H-BARBA_20180707_230322_002.wav,PippiT
/storage/Barba_Lux_2018/,H-BARBA_20180708_002227_002.wav,Pleaus
/storage/Barba_Lux_2018/,H-BARBA_20180708_002232_002.wav,Pleaus
/storage/Barba_Lux_2018/,H-BARBA_20180708_021037_002.wav,Plesp
/storage/Barba_Lux_2018/,H-BARBA_20180708_031708_002.wav,Barbar
/storage/Barba_Lux_2018/,H-BARBA_20180708_220036_002.wav,PippiT
/storage/Barba_Lux_2018/,H-BARBA_20180708_234857_002.wav,Myomyo
/storage/Barba_Lux_2018/,H-BARBA_20180709_004946_002.wav,Myonat
/storage/Barba_Lux_2018/,H-BARBA_20180709_020417_002.wav,Myomyo
/storage/Barba_Lux_2018/,H-BARBA_20180709_030340_002.wav,Barbar
/storage/Barba_Lux_2018/,H-BARBA_20180709_040122_002.wav,Barbar
/storage/Barba_Lux_2018/,A-LPB_20180707_221001_831.wav,PippiT
/storage/Barba_Lux_2018/,A-LPB_20180707_231728_934.wav,Eptser
/storage/Barba_Lux_2018/,A-LPB_20180707_234015_794.wav,ENVsp
/storage/Barba_Lux_2018/,A-LPB_20180708_014944_513.wav,Myomyo
/storage/Barba_Lux_2018/,A-LPB_20180708_221339_179.wav,PippiT
/storage/Barba_Lux_2018/,A-LPB_20180709_012010_797.wav,Myomyo
/storage/Barba_Lux_2018/,A-LPB_20180709_024213_829.wav,Myomyo
/storage/Barba_Lux_2018/,A-LPB_20180709_025104_185.wav,Myomyo
/storage/Barba_Lux_2018/,D-LPB_20180708_222459_595.wav,PippiT
/storage/Barba_Lux_2018/,D-LPB_20180708_225100_259.wav,Barbar
/storage/Barba_Lux_2018/,E-LPB_20180707_222135_000.wav,PippiT
/storage/Barba_Lux_2018/,E-LPB_20180707_232930_000.wav,Rhifer
/storage/Barba_Lux_2018/,E-LPB_20180707_234650_000.wav,Pipnat
/storage/Barba_Lux_2018/,E-LPB_20180708_222940_000.wav,Eptser
/storage/Barba_Lux_2018/,E-LPB_20180708_223200_000.wav,PippiT
/storage/Barba_Lux_2018/,E-LPB_20180708_224050_000.wav,Myosp
/storage/Barba_Lux_2018/,E-LPB_20180708_225806_000.wav,Eptser
/storage/Barba_Lux_2018/,E-LPB_20180708_233040_000.wav,Plesp
/storage/Barba_Lux_2018/,E-LPB_20180709_015205_000.wav,Pleaus
/storage/Barba_Lux_2018/,E-LPB_20180709_020015_000.wav,Pip50
/storage/Barba_Lux_2018/,E-LPB_20180709_031200_000.wav,Pipnat
/storage/Barba_Lux_2018/,E-LPB_20180709_040810_000.wav,Myosp
/storage/Barba_Lux_2018/,I_20180707_215436_002.wav,Pipnat
/storage/Barba_Lux_2018/,I_20180707_220301_002.wav,PippiT
/storage/Barba_Lux_2018/,I_20180707_222952_002.wav,Myosp
/storage/Barba_Lux_2018/,I_20180707_230307_002.wav,Myosp
/storage/Barba_Lux_2018/,I_20180707_235206_002.wav,Myosp
/storage/Barba_Lux_2018/,I_20180708_031245_002.wav,Myosp
/storage/Barba_Lux_2018/,I_20180708_032919_002.wav,Pippyg
/storage/Barba_Lux_2018/,I_20180708_035146_002.wav,Pipnat
/storage/Barba_Lux_2018/,I_20180708_220301_002.wav,PippiT
/storage/Barba_Lux_2018/,I_20180708_225043_002.wav,Nyclei
/storage/Barba_Lux_2018/,I_20180708_225543_002.wav,Myosp
/storage/Barba_Lux_2018/,I_20180708_225548_002.wav,Myosp
/storage/Barba_Lux_2018/,I_20180708_234329_002.wav,Myosp
/storage/Barba_Lux_2018/,I_20180709_000353_002.wav,Myosp
/storage/Barba_Lux_2018/,I_20180709_020315_002.wav,Myomyo
/storage/LPB2018/,A-LPB_20180626_232039_000.wav,ENVsp
/storage/LPB2018/,B-LPB_20180620_225011_422.wav,ENVsp
/storage/LPB2018/,A-LPB_20180808_230914_000.wav,Eptser
/storage/LPB2018/,B-LPB_20180621_043810_891.wav,Eptser
/storage/LPB2018/,B-LPB_20180621_222024_000.wav,Eptser
/storage/LPB2018/,A-LPB_20180807_230924_000.wav,Eptser
/storage/LPB2018/,A-LPB_20180808_050502_311.wav,ENVsp
/storage/LPB2018/,A-LPB_20180808_215719_000.wav,ENVsp
/storage/LPB2018/,S4U00311_20180815_015710_000.wav,Myomys
/storage/LPB2018/,C-LPB_20180807_224025_870.wav,Myosp
/storage/LPB2018/,A-LPB_20180627_041724_965.wav,Myomyo
/storage/LPB2018/,S4U00311_20180814_005410_000.wav,Myomys
/storage/LPB2018/,C-LPB_20180808_222505_000.wav,Myodau
/storage/LPB2018/,C-LPB_20180808_025416_390.wav,Myodau
/storage/LPB2018/,A-LPB_20180808_223954_000.wav,Myosp
/storage/LPB2018/,C-LPB_20180809_035806_163.wav,Myomys
/storage/LPB2018/,S4U00311_20180815_012825_000.wav,Myonat
/storage/LPB2018/,E-LPB_20180817_220340_000.wav,Myosp
/storage/LPB2018/,A-LPB_20180808_220839_000.wav,Myodau
/storage/LPB2018/,S4U00311_20180814_030702_000.wav,Myosp
/storage/LPB2018/,S4U00311_20180816_000848_000.wav,Myomyo
/storage/LPB2018/,D-LPB_20180817_000522_796.wav,Myosp
/storage/LPB2018/,E-LPB_20180701_035843_311.wav,Myodau
/storage/LPB2018/,D-LPB_20180817_003203_109.wav,Myosp
/storage/LPB2018/,A-LPB_20180628_040950_028.wav,Myonat
/storage/LPB2018/,A-LPB_20180610_013956_821.wav,Myomys
/storage/LPB2018/,E-LPB_20180629_225451_536.wav,Myomys
/storage/LPB2018/,E-LPB_20180616_035242_208.wav,Myoalc
/storage/LPB2018/,A-LPB_20180807_220114_000.wav,Myomys
/storage/LPB2018/,A-LPB_20180608_015236_429.wav,Myosp
/storage/LPB2018/,A-LPB_20180808_221244_000.wav,Myodau
/storage/LPB2018/,A-LPB_20180628_041012_023.wav,Myonat
/storage/LPB2018/,A-LPB_20180807_220119_000.wav,Myomys
/storage/LPB2018/,S4U00311_20180816_013435_000.wav,Myomys
/storage/LPB2018/,A-LPB_20180627_040312_641.wav,Myobra
/storage/LPB2018/,A-LPB_20180628_041022_023.wav,Myosp
/storage/LPB2018/,D-LPB_20180816_221602_946.wav,Myomys
/storage/LPB2018/,A-LPB_20180629_235029_243.wav,Myonat
/storage/LPB2018/,E-LPB_20180617_225441_921.wav,Myoema
/storage/LPB2018/,C-LPB_20180702_234400_000.wav,Myosp
/storage/LPB2018/,A-LPB_20180627_040542_619.wav,Myosp
/storage/LPB2018/,E-LPB_20180618_021057_933.wav,Myoema
/storage/LPB2018/,E-LPB_20180616_031222_952.wav,Myosp
/storage/LPB2018/,A-LPB_20180611_041743_453.wav,Myomys
/storage/LPB2018/,A-LPB_20180808_221059_000.wav,Myomys
/storage/LPB2018/,A-LPB_20180611_031641_892.wav,Myodau
/storage/LPB2018/,A-LPB_20180807_221114_000.wav,Myosp
/storage/LPB2018/,A-LPB_20180610_023920_909.wav,Myomys
/storage/LPB2018/,A-LPB_20180808_215924_000.wav,Myodau
/storage/LPB2018/,E-LPB_20180711_035524_215.wav,Myosp
/storage/LPB2018/,A-LPB_20180611_004227_221.wav,Myodau
/storage/LPB2018/,A-LPB_20180808_221149_000.wav,Myodau
/storage/LPB2018/,E-LPB_20180628_230342_073.wav,Myomys
/storage/LPB2018/,B-LPB_20180609_033911_879.wav,Myonat
/storage/LPB2018/,A-LPB_20180630_232902_963.wav,Myosp
/storage/LPB2018/,C-LPB_20180702_231205_000.wav,Myoema
/storage/LPB2018/,E-LPB_20180627_041935_836.wav,Myoema
/storage/LPB2018/,A-LPB_20180616_001048_973.wav,Myosp
/storage/LPB2018/,A-LPB_20180610_040504_000.wav,Myosp
/storage/LPB2018/,A-LPB_20180807_220229_000.wav,Myosp
/storage/LPB2018/,A-LPB_20180630_231651_552.wav,Myonat
/storage/LPB2018/,S4U00311_20180814_052330_000.wav,Myosp
/storage/LPB2018/,C-LPB_20180807_224009_160.wav,Myomys
/storage/LPB2018/,E-LPB_20180814_060525_033.wav,Myosp
/storage/LPB2018/,B-LPB_20180617_034545_044.wav,Myobra
/storage/LPB2018/,A-LPB_20180807_220104_000.wav,Myosp
/storage/LPB2018/,E-LPB_20180711_231437_509.wav,Myosp
/storage/LPB2018/,S4U00311_20180815_024608_000.wav,Myomyo
/storage/LPB2018/,A-LPB_20180630_231638_323.wav,Myosp
/storage/LPB2018/,E-LPB_20180617_020305_213.wav,Myosp
/storage/LPB2018/,B-LPB_20180608_022057_374.wav,Myomyo
/storage/LPB2018/,A-LPB_20180611_011150_188.wav,Myomyo
/storage/LPB2018/,S4U00311_20180816_034528_000.wav,Myomyo
/storage/LPB2018/,E-LPB_20180620_002652_379.wav,Myosp
/storage/LPB2018/,A-LPB_20180630_232850_477.wav,Myonat
/storage/LPB2018/,D-LPB_20180815_222112_263.wav,Myomyo
/storage/LPB2018/,A-LPB_20180807_220109_000.wav,Myodau
/storage/LPB2018/,A-LPB_20180814_225434_229.wav,Myosp
/storage/LPB2018/,D-LPB_20180816_021127_449.wav,Myodau
/storage/LPB2018/,D-LPB_20180816_230602_757.wav,Myosp
/storage/LPB2018/,A-LPB_20180608_231804_607.wav,Myosp
/storage/LPB2018/,A-LPB_20180609_025158_639.wav,Myosp
/storage/LPB2018/,A-LPB_20180808_221114_000.wav,Myosp
/storage/LPB2018/,D-LPB_20180712_001009_000.wav,Myoalc
/storage/LPB2018/,D-LPB_20180814_222027_301.wav,Myomyo
/storage/LPB2018/,A-LPB_20180808_220204_000.wav,Myosp
/storage/LPB2018/,A-LPB_20180627_230804_000.wav,Myosp
/storage/LPB2018/,A-LPB_20180807_221109_000.wav,Myosp
/storage/LPB2018/,A-LPB_20180808_221449_000.wav,Myosp
/storage/LPB2018/,E-LPB_20180816_220549_850.wav,Myosp
/storage/LPB2018/,D-LPB_20180814_021027_649.wav,Myosp
/storage/LPB2018/,E-LPB_20180813_213048_273.wav,Myosp
/storage/LPB2018/,D-LPB_20180814_222032_301.wav,Myomyo
/storage/LPB2018/,A-LPB_20180808_221049_000.wav,Myosp
/storage/LPB2018/,D-LPB_20180815_224739_000.wav,Myosp
/storage/LPB2018/,E-LPB_20180816_220529_850.wav,Myosp
/storage/LPB2018/,E-LPB_20180817_024730_000.wav,Myosp
/storage/LPB2018/,A-LPB_20180807_225339_000.wav,Myosp
/storage/LPB2018/,E-LPB_20180816_220534_850.wav,Myosp
/storage/LPB2018/,A-LPB_20180808_230154_000.wav,Myosp
/storage/LPB2018/,C-LPB_20180701_225815_000.wav,Myoema
/storage/LPB2018/,D-LPB_20180815_044801_521.wav,Myomys
/storage/LPB2018/,E-LPB_20180817_004153_490.wav,Myomys
/storage/LPB2018/,E-LPB_20180816_231640_000.wav,Myosp
/storage/LPB2018/,E-LPB_20180817_004113_490.wav,Myosp
/storage/LPB2018/,A-LPB_20180627_000116_017.wav,Nyclei
/storage/LPB2018/,B-LPB_20180609_051457_364.wav,Nycnoc
/storage/LPB2018/,B-LPB_20180620_224745_502.wav,Nyclei
/storage/LPB2018/,A-LPB_20180808_220149_000.wav,Myosp
/storage/LPB2018/,D-LPB_20180711_021738_763.wav,Pipnat
/storage/LPB2018/,E-LPB_20180627_035622_987.wav,Pleaus
/storage/LPB2018/,E-LPB_20180628_025650_836.wav,Pleaus
/storage/LPB2018/,A-LPB_20180815_011153_077.wav,Pleaur
/storage/LPB2018/,S4U00311_20180815_220826_000.wav,Plesp
/storage/LPB2018/,B-LPB_20180621_222719_159.wav,Nyclei
/storage/LPB2018/,B-LPB_20180620_234512_407.wav,Nyclei
/storage/LPB2018/,A-LPB_20180807_212809_000.wav,PippiT
/storage/LPB2018/,D-LPB_20180711_015927_123.wav,PippiT
/storage/LPB2018/,D-LPB_20180711_224312_786.wav,PippiT
/storage/LPB2018/,A-LPB_20180807_224634_000.wav,Pippyg
/storage/LPB2018/,A-LPB_20180808_023124_000.wav,Myosp
/storage/LPB2018/,A-LPB_20180808_220159_000.wav,Plesp
/storage/LPB2018/,D-LPB_20180711_232734_000.wav,Pleaus
/storage/LPB2018/,B-LPB_20180624_222804_325.wav,Rhihip
/storage/LPB2018/,B-LPB_20180626_044358_951.wav,Rhihip
/storage/LPB2018/,B-LPB_20180624_045209_000.wav,Rhihip
/storage/LPB2018/,A-LPB_20180701_000022_657.wav,Rhifer
/storage/LPB2018/,B-LPB_20180617_020509_536.wav,Rhifer
/storage/LPB2018/,A-LPB_20180624_232053_889.wav,Rhihip
/storage/Ecoduc20150801-04_CecileHerr/,SM2-BXL_20150802_223315_000.wav,ENVsp
/storage/Ecoduc20150801-04_CecileHerr/,SM2-BXL_20150802_224940_000.wav,ENVsp
/storage/Ecoduc20150801-04_CecileHerr/,SM2-BXL_20150802_230135_000.wav,ENVsp
/storage/Ecoduc20150801-04_CecileHerr/,SM2-BXL_20150802_230140_000.wav,ENVsp
/storage/Ecoduc20150801-04_CecileHerr/,SM2-BXL_20150802_230145_000.wav,ENVsp
/storage/Ecoduc20150801-04_CecileHerr/,SM2-BXL_20150802_231010_000.wav,ENVsp
/storage/Ecoduc20150801-04_CecileHerr/,SM2-BXL_20150802_232510_000.wav,ENVsp
/storage/Ecoduc20150801-04_CecileHerr/,SM2-BXL_20150802_234345_000.wav,Myosp
/storage/Ecoduc20150801-04_CecileHerr/,SM2-BXL_20150802_234350_000.wav,Myosp
/storage/Ecoduc20150801-04_CecileHerr/,SM2-BXL_20150803_001540_000.wav,ENVsp
/storage/Ecoduc20150801-04_CecileHerr/,SM2-BXL_20150803_002545_000.wav,Nyclei
/storage/Ecoduc20150801-04_CecileHerr/,SM2-BXL_20150803_002550_000.wav,ENVsp
/storage/Ecoduc20150801-04_CecileHerr/,SM2-BXL_20150803_002555_000.wav,ENVsp
/storage/Ecoduc20150801-04_CecileHerr/,SM2-BXL_20150803_003500_000.wav,Myodau
/storage/Ecoduc20150801-04_CecileHerr/,SM2-BXL_20150803_003505_000.wav,Myosp
/storage/Ecoduc20150801-04_CecileHerr/,SM2-BXL_20150803_011125_000.wav,ENVsp
/storage/Ecoduc20150801-04_CecileHerr/,SM2-BXL_20150803_043022_939.wav,Myodau
/storage/Ecoduc20150801-04_CecileHerr/,SM2-BXL_20150803_053408_537.wav,Nyclei
/storage/Ecoduc20150801-04_CecileHerr/,SM2-BXL_20150803_053640_292.wav,Nyclei
/storage/Ecoduc20150801-04_CecileHerr/,SM2-BXL_20150803_053700_000.wav,Nyclei
/storage/Ecoduc20150801-04_CecileHerr/,SM2-BXL_20150803_053843_809.wav,Nyclei
/storage/Ecoduc20150801-04_CecileHerr/,SM2-BXL_20150803_053848_809.wav,Nyclei
/storage/Ecoduc20150801-04_CecileHerr/,SM2-BXL_20150803_053903_809.wav,Nyclei
/storage/Ecoduc20150801-04_CecileHerr/,SM2-BXL_20150803_053952_785.wav,Nyclei
/storage/Ecoduc20150801-04_CecileHerr/,SM2-BXL_20150803_053957_785.wav,Nyclei
/storage/Ecoduc20150801-04_CecileHerr/,SM2-BXL_20150803_225035_000.wav,Plesp
/storage/Ecoduc20150801-04_CecileHerr/,SM2-BXL_20150803_225040_000.wav,Pleaur
/storage/Ecoduc20150801-04_CecileHerr/,SM2-BXL_20150803_225045_000.wav,Plesp
/storage/Ecoduc20150801-04_CecileHerr/,SM2-BXL_20150803_231010_000.wav,ENVsp
/storage/Ecoduc20150801-04_CecileHerr/,SM2-BXL_20150803_231015_000.wav,ENVsp
/storage/Ecoduc20150801-04_CecileHerr/,SM2-BXL_20150803_235655_000.wav,Eptser
/storage/Ecoduc20150801-04_CecileHerr/,SM2-BXL_20150804_023858_144.wav,Myodau
/storage/Ecoduc20150801-04_CecileHerr/,SM2-BXL_20150804_042555_425.wav,Pipnat
/storage/Ecoduc20150801-04_CecileHerr/,SM2-BXL_20150804_050435_823.wav,Myosp
/storage/Ecoduc20150801-04_CecileHerr/,SM2-BXL_20150804_054348_215.wav,PippiT
/storage/Ecoduc20150801-04_CecileHerr/,SM2-BXL_20150801_223150_000.wav,ENVsp
/storage/Ecoduc20150801-04_CecileHerr/,SM2-BXL_20150801_232914_960.wav,Myosp
/storage/Ecoduc20150801-04_CecileHerr/,SM2-BXL_20150801_232919_960.wav,Myosp
/storage/Ecoduc20150801-04_CecileHerr/,SM2-BXL_20150802_054330_000.wav,Nyclei
/storage/Ecoduc20150801-04_CecileHerr/,SM2-BXL_20150802_054335_000.wav,Nyclei
/storage/Ecoduc20150801-04_CecileHerr/,SM2-BXL_20150802_054340_000.wav,Nyclei
/storage/Ecoduc20150801-04_CecileHerr/,SM2-BXL_20150802_054345_000.wav,Nyclei
/storage/Ecoduc20150801-04_CecileHerr/,SM2-BXL_20150802_054350_000.wav,Nyclei
/storage/Ecoduc20150801-04_CecileHerr/,SM2-BXL_20150802_054355_000.wav,Nyclei
/storage/Ecoduc20150801-04_CecileHerr/,SM2-BXL_20150802_054400_000.wav,Nyclei
/storage/Ecoduc20150801-04_CecileHerr/,SM2-BXL_20150802_054405_000.wav,Nyclei
/storage/Ecoduc20150801-04_CecileHerr/,SM2-BXL_20150802_054715_860.wav,Nyclei
/storage/études_complémentaires/,S4U00311_20190511_211553.wav,PippiT
/storage/études_complémentaires/,S4U00311_20190511_222844.wav,Pip50
/storage/études_complémentaires/,S4U00311_20190512_212514.wav,PippiT
/storage/études_complémentaires/,S4U00311_20190512_224050.wav,Pip50
/storage/études_complémentaires/,S4U00311_20190526_215408.wav,PippiT
/storage/études_complémentaires/,S4U00311_20190527_223456.wav,Pip50
/storage/études_complémentaires/,S4U00311_20190527_224707.wav,Pipnat
/storage/études_complémentaires/,S4U00311_20190528_000533.wav,PippiT
/storage/études_complémentaires/,S4U00311_20190528_220241.wav,PippiT
/storage/études_complémentaires/,S4U00311_20190904_202338.wav,PippiT
/storage/études_complémentaires/,S4U00311_20190904_205106.wav,Nyclei
/storage/études_complémentaires/,S4U00311_20190905_203053.wav,PippiT
/storage/études_complémentaires/,S4U00311_20190905_233752.wav,Pipnat
/storage/études_complémentaires/,S4U00311_20190829_205036.wav,PippiT
/storage/études_complémentaires/,S4U00311_20190829_220009.wav,Pipnat
/storage/études_complémentaires/,S4U00311_20190829_233006.wav,Eptser
/storage/études_complémentaires/,S4U00311_20190830_020107.wav,Nycnoc
/storage/études_complémentaires/,S4U00311_20190830_225647.wav,Myosp
/storage/études_complémentaires/,S4U00311_20190830_233928.wav,Pipnat
/storage/études_complémentaires/,S4U00311_20190830_234059.wav,Pleaur
/storage/études_complémentaires/,S4U00311_20190831_013840.wav,Pleaur
/storage/études_complémentaires/,S4U00311_20190806_220053.wav,Eptser
/storage/études_complémentaires/,S4U00311_20190807_215936.wav,PippiT
/storage/études_complémentaires/,S4U00311_20190811_213644.wav,ENVsp
/storage/études_complémentaires/,S4U00311_20190811_214133.wav,ENVsp
/storage/études_complémentaires/,B-CHIROACT_20190802_215803_125.wav,PippiT
/storage/études_complémentaires/,C-CHIROACT_20190802_223517_301.wav,PippiT
/storage/études_complémentaires/,D-CHIROACT_20190803_050915_777.wav,Plesp
/storage/études_complémentaires/,D-CHIROACT_20190803_051336_639.wav,Pipnat
/storage/études_complémentaires/,C-CHIROACT_20190731_032440_749.wav,Eptser
/storage/études_complémentaires/,C-CHIROACT_20190801_012420_903.wav,Eptser
/storage/études_complémentaires/,D-CHIROACT_20190730_020307_581.wav,Myosp
/storage/études_complémentaires/,D-CHIROACT_20190731_020310_052.wav,Myonat
/storage/études_complémentaires/,D-CHIROACT_20190731_020632_910.wav,Myomys
/storage/études_complémentaires/,D-CHIROACT_20190731_020709_065.wav,Myosp
/storage/études_complémentaires/,D-CHIROACT_20190731_021830_919.wav,Myonat
/storage/études_complémentaires/,D-CHIROACT_20190731_023728_716.wav,Myosp
/storage/études_complémentaires/,D-CHIROACT_20190731_025922_650.wav,Myonat
/storage/études_complémentaires/,D-CHIROACT_20190731_030000_812.wav,Myonat
/storage/études_complémentaires/,D-CHIROACT_20190731_030324_059.wav,Myosp
/storage/études_complémentaires/,D-CHIROACT_20190731_040253_037.wav,Nyclei
/storage/études_complémentaires/,D-CHIROACT_20190731_041425_633.wav,Myonat
/storage/études_complémentaires/,D-CHIROACT_20190731_213247_309.wav,PippiT
/storage/études_complémentaires/,D-CHIROACT_20190802_031523_978.wav,Myosp
/storage/plateau_Engeland/,23190855_20170825_00000_000.wav,PippiT
/storage/plateau_Engeland/,23190191_20170915_00000_000.wav,Pipnat
/storage/plateau_Engeland/,22990008_20170915_00000_000.wav,Nyclei
/storage/plateau_Engeland/,22990105_20170915_00000_000.wav,Pipnat
/storage/Plecobrux_SM4_cécile/,S4U00311_20180922_215659_000.wav,Nyclei
/storage/Plecobrux_SM4_cécile/,S4U00311_20181011_000816_000.wav,Pleaur
/storage/TrouPicotIntérieurJuin2014/,LIFEB_0_20140604_235855_268.wav,Rhihip
/storage/TrouPicotIntérieurJuin2014/,LIFEB_0_20140605_004948_877.wav,Rhifer
/storage/TrouPicotIntérieurJuin2014/,LIFEB_0_20140605_004954_612.wav,Rhifer
/storage/TrouPicotIntérieurJuin2014/,LIFEB_0_20140605_024859_458.wav,Rhifer
/storage/TrouPicotIntérieurJuin2014/,LIFEB_0_20140605_215800_158.wav,Rhihip
/storage/TrouPicotIntérieurJuin2014/,LIFEB_0_20140606_032557_599.wav,PippiT
/storage/CavesPahautAutomne2013/,20131029_203539_224.wav,PippiT
/storage/CavesPahautAutomne2013/,20131029_220228_754.wav,Pippyg
/storage/Copie_de_Brabantwallon2014/,LIFEC_20140611_232118_315.wav,ENVsp
/storage/Copie_de_Brabantwallon2014/,LIFEC_20140611_232338_471.wav,ENVsp
/storage/Copie_de_Brabantwallon2014/,LIFEC_20140611_232446_830.wav,Nyclei
/storage/Copie_de_Brabantwallon2014/,LIFEC_20140611_232851_333.wav,Eptser
/storage/Copie_de_Brabantwallon2014/,LIFEC_20140611_232904_000.wav,ENVsp
/storage/Copie_de_Brabantwallon2014/,LIFEC_20140611_233034_029.wav,ENVsp
/storage/Copie_de_Brabantwallon2014/,LIFEC_20140611_233441_223.wav,Eptser
/storage/Copie_de_Brabantwallon2014/,LIFEC_20140612_043944_023.wav,ENVsp
/storage/Copie_de_Brabantwallon2014/,LIFEC_20140612_235943_091.wav,ENVsp
/storage/Copie_de_Brabantwallon2014/,LIFEC_20140613_000135_431.wav,ENVsp
/storage/Copie_de_Brabantwallon2014/,LIFEC_20140613_042931_237.wav,ENVsp
/storage/Copie_de_Brabantwallon2014/,LIFEC_20140614_231329_747.wav,Nyclei
/storage/Copie_de_Brabantwallon2014/,LIFEC_20140617_033602_354.wav,Pipnat
/storage/Copie_de_Brabantwallon2014/,LIFEC_20140704_223942_951.wav,Nycnoc
/storage/Copie_de_Brabantwallon2014/,LIFEC_20140705_041618_248.wav,ENVsp
/storage/Copie_de_Brabantwallon2014/,LIFEC_20140706_225813_660.wav,Nyclei
/storage/Copie_de_Brabantwallon2014/,LIFEC_20140614_231001_156.wav,ENVsp
/storage/Copie_de_Brabantwallon2014/,LIFEC_20140623_045730_025.wav,Pip50
/storage/Copie_de_Brabantwallon2014/,LIFEC_20140703_025526_535.wav,Pip50
/storage/Copie_de_Vesdre2014/,LIFEA_20140622_011645_305.wav,Pipnat
/storage/Copie_de_Vesdre2014/,LIFEA_20140623_014238_875.wav,Rhifer
/storage/Copie_de_Vesdre2014/,LIFEA_20140623_235207_427.wav,Rhifer
/storage/Copie_de_Vesdre2014/,LIFEA_20140623_235225_307.wav,Rhifer
/storage/Copie_de_Vesdre2014/,LIFEA_20140703_041550_175.wav,Pipnat
/storage/GueuleTOUT/,LIFEE_20150704_044112_677.wav,Nyclei
/storage/GueuleTOUT/,LIFEE_20150704_230115_919.wav,Pip35
/storage/GueuleTOUT/,LIFEE_20150705_005622_799.wav,Myomyo
/storage/GueuleTOUT/,LIFEE_20150730_215915_608.wav,Eptser
/storage/GueuleTOUT/,LIFEE_20150705_234439_795.wav,Myomyo
/storage/GueuleTOUT/,LIFEE_20150706_002351_005.wav,ENVsp
/storage/GueuleTOUT/,LIFEE_20150706_002541_069.wav,Pipnat
/storage/GueuleTOUT/,LIFEE_20150706_231158_470.wav,Myomyo
/storage/GueuleTOUT/,LIFEE_20150707_001028_729.wav,Pipnat
/storage/GueuleTOUT/,LIFEE_20150707_002502_753.wav,Myonat
/storage/GueuleTOUT/,LIFEE_20150707_005213_671.wav,Pipnat
/storage/GueuleTOUT/,LIFEE_20150707_005812_049.wav,Myomyo
/storage/GueuleTOUT/,LIFEE_20150707_223152_273.wav,Eptser
/storage/GueuleTOUT/,LIFEE_20150707_234648_529.wav,Myomyo
/storage/GueuleTOUT/,LIFEE_20150708_223952_956.wav,Pipnat
/storage/GueuleTOUT/,LIFEE_20150708_224442_736.wav,Eptser
/storage/GueuleTOUT/,LIFEE_20150708_230351_872.wav,Pleaus
/storage/GueuleTOUT/,LIFEE_20150708_230717_903.wav,Plesp
/storage/GueuleTOUT/,LIFEE_20150708_231257_415.wav,Myosp
/storage/GueuleTOUT/,LIFEE_20150708_231323_250.wav,Myosp
/storage/GueuleTOUT/,LIFEE_20150709_010338_029.wav,Myomyo
/storage/GueuleTOUT/,LIFEE_20150710_230852_725.wav,Myomyo
/storage/GueuleTOUT/,LIFEE_20150711_050835_842.wav,Nyclei
/storage/GueuleTOUT/,LIFEE_20150711_050939_887.wav,Nyclei
/storage/GueuleTOUT/,LIFEE_20150711_221711_297.wav,Nyclei
/storage/GueuleTOUT/,LIFEE_20150711_222110_773.wav,ENVsp
/storage/GueuleTOUT/,LIFEE_20150711_222209_228.wav,Eptser
/storage/GueuleTOUT/,LIFEE_20150711_222507_246.wav,ENVsp
/storage/GueuleTOUT/,LIFEE_20150712_012411_879.wav,Plesp
/storage/GueuleTOUT/,LIFEE_20150712_044858_793.wav,Nycnoc
/storage/GueuleTOUT/,LIFEE_20150712_050112_580.wav,Nycnoc
/storage/GueuleTOUT/,LIFEE_20150712_224008_279.wav,Pleaus
/storage/GueuleTOUT/,LIFEE_20150712_231933_805.wav,Nyclei
/storage/GueuleTOUT/,LIFEE_20150713_045504_451.wav,Nyclei
/storage/GueuleTOUT/,LIFEE_20150713_225643_921.wav,Eptser
/storage/GueuleTOUT/,LIFEE_20150716_223308_775.wav,Nycnoc
/storage/GueuleTOUT/,LIFEE_20150716_234834_937.wav,Eptser
/storage/GueuleTOUT/,LIFEE_20150717_004204_673.wav,Myomyo
/storage/GueuleTOUT/,LIFEE_20150717_234033_603.wav,Myoema
/storage/GueuleTOUT/,LIFEE_20150718_020012_346.wav,Pip50
/storage/GueuleTOUT/,LIFEE_20150718_025106_462.wav,Plesp
/storage/GueuleTOUT/,LIFEE_20150718_033550_456.wav,Pip50
/storage/GueuleTOUT/,LIFEE_20150718_041639_838.wav,PippiT
/storage/GueuleTOUT/,LIFEE_20150718_045340_228.wav,PippiT
/storage/GueuleTOUT/,LIFEE_20150718_051518_779.wav,Nyclei
/storage/GueuleTOUT/,LIFEE_20150617_233008_177.wav,ENVsp
/storage/GueuleTOUT/,LIFEE_20150618_000928_271.wav,Eptser
/storage/GueuleTOUT/,LIFEE_20150618_012744_347.wav,Myoema
/storage/GueuleTOUT/,LIFEE_20150618_020734_943.wav,Myosp
/storage/GueuleTOUT/,LIFEE_20150618_031246_338.wav,Myomyo
/storage/GueuleTOUT/,LIFEE_20150618_051142_919.wav,Pipnat
/storage/GueuleTOUT/,LIFEE_20150618_235539_405.wav,Pleaus
/storage/GueuleTOUT/,LIFEE_20150620_002716_549.wav,Pipnat
/storage/GueuleTOUT/,LIFEE_20150620_044314_822.wav,ENVsp
/storage/GueuleTOUT/,LIFEE_20150620_222224_994.wav,ENVsp
/storage/GueuleTOUT/,LIFEE_20150624_002822_586.wav,Plesp
/storage/GueuleTOUT/,LIFEE_20150624_004111_849.wav,Pip50
/storage/GueuleTOUT/,LIFEE_20150624_010314_264.wav,Pipnat
/storage/GueuleTOUT/,LIFEE_20150625_225234_605.wav,Nyclei
/storage/GueuleTOUT/,LIFEE_20150625_230001_575.wav,Myosp
/storage/GueuleTOUT/,LIFEE_20150625_232143_606.wav,Myosp
/storage/GueuleTOUT/,LIFEE_20150626_012728_665.wav,Myosp
/storage/GueuleTOUT/,LIFEE_20150626_224555_561.wav,Myomyo
/storage/GueuleTOUT/,LIFEE_20150627_014212_067.wav,Myosp
/storage/GueuleTOUT/,LIFEE_20150627_014638_727.wav,Myosp
/storage/GueuleTOUT/,LIFEE_20150627_022256_294.wav,Myosp
/storage/GueuleTOUT/,LIFEE_20150627_031559_417.wav,Myosp
/storage/GueuleTOUT/,LIFEE_20150628_003550_947.wav,Myoema
/storage/GueuleTOUT/,LIFEE_20150628_234245_903.wav,Eptser
/storage/GueuleTOUT/,LIFEE_20150629_001455_593.wav,Myosp
/storage/GueuleTOUT/,LIFEE_20150629_015349_993.wav,Myosp
/storage/GueuleTOUT/,LIFEE_20150629_035754_765.wav,Myodau
/storage/GueuleTOUT/,LIFEE_20150630_225047_197.wav,Myomyo
/storage/GueuleTOUT/,LIFEE_20150701_022222_705.wav,Myosp
/storage/GueuleTOUT/,LIFEE_20150701_022548_035.wav,Myosp
/storage/GueuleTOUT/,LIFEE_20150701_043831_991.wav,Nycnoc
/storage/GueuleTOUT/,LIFEE_20150701_044046_604.wav,Nycnoc
/storage/GueuleTOUT/,LIFEE_20150702_002404_665.wav,Eptser
/storage/GueuleTOUT/,LIFEE_20150702_003501_506.wav,Pipnat
/storage/GueuleTOUT/,LIFEE_20150702_040742_689.wav,Myomyo
/storage/GueuleTOUT/,LIFEE_20150702_044544_212.wav,Nycnoc
/storage/GueuleTOUT/,LIFEE_20150702_225110_815.wav,Myodau
/storage/GueuleTOUT/,LIFEE_20150702_235901_649.wav,Pipnat
/storage/GueuleTOUT/,LIFEE_20150703_033315_615.wav,Pleaus
/storage/GueuleTOUT/,LIFEE_20150720_233621_730.wav,Myomyo
/storage/GueuleTOUT/,LIFEE_20150721_002253_071.wav,Myosp
/storage/GueuleTOUT/,LIFEE_20150721_004116_779.wav,ENVsp
/storage/GueuleTOUT/,LIFEE_20150721_011747_653.wav,Pleaur
/storage/GueuleTOUT/,LIFEE_20150721_015217_314.wav,Plesp
/storage/GueuleTOUT/,LIFEE_20150721_034334_951.wav,Myosp
/storage/GueuleTOUT/,LIFEE_20150722_032705_000.wav,Myonat
/storage/GueuleTOUT/,LIFEE_20150722_221143_793.wav,Eptser
/storage/GueuleTOUT/,LIFEE_20150722_221154_063.wav,Eptser
/storage/GueuleTOUT/,LIFEE_20150723_044625_684.wav,Nyclei
/storage/GueuleTOUT/,LIFEE_20150727_045907_617.wav,Pleaur
/storage/GueuleTOUT/,LIFEE_20150727_223546_625.wav,Eptser
/storage/GueuleTOUT/,LIFEE_20150728_010235_421.wav,Myomyo
/storage/GueuleTOUT/,LIFEE_20150730_214734_995.wav,Myosp
/storage/LIFEPrairiesBocageres_2013_TOUT_test/,20130702_231247_691.wav,PippiT
/storage/LIFEPrairiesBocageres_2013_TOUT_test/,20130702_233532_279.wav,PippiT
/storage/LIFEPrairiesBocageres_2013_TOUT_test/,20130703_004411_037.wav,PippiT
/storage/LIFEPrairiesBocageres_2013_TOUT_test/,20130703_004444_469.wav,PippiT
/storage/LIFEPrairiesBocageres_2013_TOUT_test/,20130703_004537_300.wav,PippiT
/storage/LIFEPrairiesBocageres_2013_TOUT_test/,20130703_005920_749.wav,PippiT
/storage/LIFEPrairiesBocageres_2013_TOUT_test/,20130703_011813_143.wav,PippiT
/storage/LIFEPrairiesBocageres_2013_TOUT_test/,20130703_011823_143.wav,PippiT
/storage/LIFEPrairiesBocageres_2013_TOUT_test/,20130703_012023_146.wav,PippiT
/storage/LIFEPrairiesBocageres_2013_TOUT_test/,20130703_012041_939.wav,PippiT
/storage/LIFEPrairiesBocageres_2013_TOUT_test/,20130703_012139_328.wav,PippiT
/storage/LIFEPrairiesBocageres_2013_TOUT_test/,20130703_015611_795.wav,PippiT
/storage/LIFEPrairiesBocageres_2013_TOUT_test/,20130703_033438_531.wav,PippiT
/storage/LIFEPrairiesBocageres_2013_TOUT_test/,20130703_033539_739.wav,PippiT
/storage/LIFEPrairiesBocageres_2013_TOUT_test/,20130703_033644_404.wav,PippiT
/storage/LIFEPrairiesBocageres_2013_TOUT_test/,20130703_033956_067.wav,PippiT
/storage/LIFEPrairiesBocageres_2013_TOUT_test/,20130703_034347_467.wav,PippiT
/storage/LIFEPrairiesBocageres_2013_TOUT_test/,20130703_034510_587.wav,PippiT
/storage/LIFEPrairiesBocageres_2013_TOUT_test/,20130703_034602_807.wav,PippiT
/storage/LIFEPrairiesBocageres_2013_TOUT_test/,20130703_232541_895.wav,PippiT
/storage/LIFEPrairiesBocageres_2013_TOUT_test/,20130704_012542_278.wav,PippiT
/storage/LIFEPrairiesBocageres_2013_TOUT_test/,20130704_020205_022.wav,PippiT
/storage/LIFEPrairiesBocageres_2013_TOUT_test/,20130705_025549_700.wav,Rhihip
/storage/LIFEPrairiesBocageres_2013_TOUT_test/,20130708_223404_222.wav,Nyclei
/storage/LIFEPrairiesBocageres_2013_TOUT_test/,20130711_010822_501.wav,PippiT
/storage/LIFEPrairiesBocageres_2013_TOUT_test/,20130711_231011_518.wav,PippiT
/storage/LIFEPrairiesBocageres_2013_TOUT_test/,20130714_221354_741.wav,ENVsp
/storage/LIFEPrairiesBocageres_2013_TOUT_test/,20130714_222227_457.wav,ENVsp
/storage/LIFEPrairiesBocageres_2013_TOUT_test/,20130714_234205_684.wav,Pip35
/storage/LIFEPrairiesBocageres_2013_TOUT_test/,20130715_003606_114.wav,PippiT
/storage/LIFEPrairiesBocageres_2013_TOUT_test/,20130715_224144_067.wav,Pipnat
/storage/LIFEPrairiesBocageres_2013_TOUT_test/,20130717_004847_164.wav,PippiT
/storage/LIFEPrairiesBocageres_2013_TOUT_test/,20130721_012507_251.wav,PippiT
/storage/LIFEPrairiesBocageres_2013_TOUT_test/,20130721_043858_447.wav,PippiT
/storage/LIFEPrairiesBocageres_2013_TOUT_test/,20130724_032732_326.wav,PippiT
/storage/LIFEPrairiesBocageres_2013_TOUT_test/,20130726_053344_932.wav,PippiT
/storage/LIFEPrairiesBocageres_2013_TOUT_test/,20130803_010120_955.wav,ENVsp
/storage/LIFEPrairiesBocageres_2013_TOUT_test/,20130804_003525_346.wav,PippiT
/storage/LIFEPrairiesBocageres_2013_TOUT_test/,20130804_214927_709.wav,Rhifer
/storage/LIFEPrairiesBocageres_2013_TOUT_test/,20130804_231905_000.wav,Rhihip
/storage/LIFEPrairiesBocageres_2013_TOUT_test/,20130804_231949_000.wav,Rhihip
/storage/LIFEPrairiesBocageres_2013_TOUT_test/,20130805_002749_674.wav,PippiT
/storage/LIFEPrairiesBocageres_2013_TOUT_test/,20130805_013407_349.wav,PippiT
/storage/LIFEPrairiesBocageres_2013_TOUT_test/,20130805_233726_819.wav,Myosp
/storage/LIFEPrairiesBocageres_2013_TOUT_test/,20130807_212739_522.wav,Myoema
/storage/LIFEPrairiesBocageres_2013_TOUT_test/,20130809_003059_202.wav,Myoema
/storage/LIFEPrairiesBocageres_2013_TOUT_test/,20130809_013026_403.wav,Myoema
/storage/LIFEPrairiesBocageres_2013_TOUT_test/,20130809_212528_377.wav,Myodau
/storage/LIFEPrairiesBocageres_2013_TOUT_test/,20130809_212534_667.wav,Myodau
/storage/LIFEPrairiesBocageres_2013_TOUT_test/,20130815_053205_779.wav,Nycnoc
/storage/LIFEPrairiesBocageres_2013_TOUT_test/,20130816_051829_334.wav,Myosp
/storage/LIFEPrairiesBocageres_2013_TOUT_test/,20130819_224949_934.wav,Myoema
/storage/LIFEPrairiesBocageres_2013_TOUT_test/,20130819_225837_953.wav,Myoema
/storage/LIFEPrairiesBocageres_2013_TOUT_test/,20130820_003013_247.wav,PippiT
/storage/LIFEPrairiesBocageres_2013_TOUT_test/,20130821_013729_664.wav,Nyclei
/storage/LIFEPrairiesBocageres_2013_TOUT_test/,20130824_233000_036.wav,Rhifer
/storage/LIFEPrairiesBocageres_2013_TOUT_test/,20130831_205852_207.wav,PippiT
/storage/LIFEPrairiesBocageres_2013_TOUT_test/,20130902_222204_000.wav,PippiT
/storage/LIFEPrairiesBocageres_2013_TOUT_test/,20130902_231019_000.wav,Myosp
/storage/LIFEPrairiesBocageres_2013_TOUT_test/,20130902_235824_000.wav,Myosp
/storage/LIFEPrairiesBocageres_2013_TOUT_test/,20130903_014153_053.wav,Myobra
/storage/LIFEPrairiesBocageres_2013_TOUT_test/,20130903_223230_863.wav,Myosp
/storage/LIFEPrairiesBocageres_2013_TOUT_test/,20130904_012335_649.wav,Myoema
/storage/LIFEPrairiesBocageres_2013_TOUT_test/,20130904_024243_509.wav,Pip35
/storage/LIFEPrairiesBocageres_2013_TOUT_test/,20130904_210243_185.wav,Myodas
/storage/LIFEPrairiesBocageres_2013_TOUT_test/,20130907_020804_392.wav,Rhifer
/storage/LIFEPrairiesBocageres_2013_TOUT_test/,20130911_042952_274.wav,Myosp
/storage/LIFEPrairiesBocageres_2013_TOUT_test/,20130912_235523_723.wav,Myoema
/storage/LIFEPrairiesBocageres_2013_TOUT_test/,20130914_011107_239.wav,Myoema
/storage/LIFEPrairiesBocageres_2013_TOUT_test/,20130914_011123_875.wav,Myosp
/storage/LIFEPrairiesBocageres_2013_TOUT_test/,20130914_011133_879.wav,Myosp
/storage/LIFEPrairiesBocageres_2013_TOUT_test/,20130914_012104_145.wav,Myoema
/storage/LIFEPrairiesBocageres_2013_TOUT_test/,20130914_061936_300.wav,Pip35
/storage/LIFEPrairiesBocageres_2013_TOUT_test/,20130915_064130_019.wav,Pip35
/storage/LIFEPrairiesBocageres_2013_TOUT_test/,20130916_064555_735.wav,PippiT
/storage/LIFEPrairiesBocageres_2013_TOUT_test/,20130916_070146_209.wav,PippiT
/storage/LIFEPrairiesBocageres_2013_TOUT_test/,20130916_222053_215.wav,PippiT
/storage/LIFEPrairiesBocageres_2013_TOUT_test/,20130917_042953_105.wav,PippiT
/storage/LIFEPrairiesBocageres_2013_TOUT_test/,20130925_195319_335.wav,ENVsp
/storage/LIFEPrairiesBocageres_2014/,LIFED_20140712_035251_108.wav,Pipnat
/storage/LIFEPrairiesBocageres_2014/,LIFED_20140712_035405_000.wav,Pipnat
/storage/LIFEPrairiesBocageres_2014/,LIFED_20140715_003708_265.wav,Myoema
/storage/LIFEPrairiesBocageres_2014/,LIFEE_20140715_223528_381.wav,Pipnat
/storage/LIFEPrairiesBocageres_2014/,LIFEE_20140718_001014_535.wav,Myoema
/storage/LIFEPrairiesBocageres_2014/,LIFEA_20140719_002543_563.wav,Eptser
/storage/LIFEPrairiesBocageres_2014/,LIFEB_20140719_045157_577.wav,PippiT
/storage/LIFEPrairiesBocageres_2014/,LIFEC_20140719_025012_605.wav,ENVsp
/storage/LIFEPrairiesBocageres_2014/,LIFEC_20140722_223820_731.wav,Eptser
/storage/LIFEPrairiesBocageres_2014/,LIFEC_20140722_225935_167.wav,Pipnat
/storage/Plecobrux_ligne_161_Tout/,SM4BRUX_20160921_200004.wav,PippiT
/storage/Plecobrux_ligne_161_Tout/,SM4BRUX_20160915_202522.wav,Myosp
/storage/Plecobrux_ligne_161_Tout/,SM4BRUX_20160911_201516.wav,PippiT
/storage/Plecobrux_ligne_161_Tout/,SM4BRUX_20161001_203039.wav,Myosp
/storage/Plecobrux_ligne_161_Tout/,SM4BRUX_20160912_203713.wav,Myosp
/storage/Plecobrux_ligne_161_Tout/,SM4BRUX_20160909_202915.wav,Myosp
/storage/Plecobrux_ligne_161_Tout/,SM4BRUX_20161004_195538.wav,Myosp
/storage/Plecobrux_ligne_161_Tout/,SM4BRUX_20160910_204204.wav,Myosp
/storage/Plecolux_2016-TOUT/,__20160524_222003_296.wav,ENVsp
/storage/Plecolux_2016-TOUT/,__20160524_222015_292.wav,ENVsp
/storage/Plecolux_2016-TOUT/,__20160524_223101_755.wav,Pipnat
/storage/Plecolux_2016-TOUT/,VANNEMOINE_20160524_222911_361.wav,Barbar
/storage/Plecolux_2016-TOUT/,20160717_224047_000.wav,Nyclei
/storage/Plecolux_2016-TOUT/,20160717_224053_000.wav,Nyclei
/storage/Plecolux_2016-TOUT/,20160724_230024_000.wav,Nyclei
/storage/Plecolux_2016-TOUT/,20160724_230034_000.wav,ENVsp
/storage/Plecolux_2016-TOUT/,20160724_230039_000.wav,ENVsp
/storage/Plecolux_2016-TOUT/,20160724_230044_000.wav,ENVsp
/storage/Plecolux_2016-TOUT/,20160724_232158_000.wav,Pipnat
/storage/Plecolux_2016-TOUT/,20160725_013500_000.wav,Nyclei
/storage/Plecolux_2016-TOUT/,LINGLE_20160724_221029_939.wav,ENVsp
/storage/Plecolux_2016-TOUT/,LINGLE_20160724_223206_000.wav,ENVsp
/storage/Plecolux_2016-TOUT/,LINGLE_20160724_223315_726.wav,ENVsp
/storage/Plecolux_2016-TOUT/,LINGLE_20160724_223320_726.wav,ENVsp
/storage/Plecolux_2016-TOUT/,LINGLE_20160724_223902_266.wav,Nyclei
/storage/Plecolux_2016-TOUT/,LINGLE_20160724_223912_266.wav,Nyclei
/storage/Plecolux_2016-TOUT/,LINGLE_20160724_225210_109.wav,Pipnat
/storage/Plecolux_2016-TOUT/,LINGLE_20160724_225555_653.wav,ENVsp
/storage/Plecolux_2016-TOUT/,LINGLE_20160724_225600_653.wav,ENVsp
/storage/Plecolux_2016-TOUT/,LINGLE_20160724_225714_673.wav,ENVsp
/storage/Plecolux_2016-TOUT/,LINGLE_20160724_225816_511.wav,Eptser
/storage/Plecolux_2016-TOUT/,LINGLE_20160724_225831_511.wav,ENVsp
/storage/Plecolux_2016-TOUT/,LINGLE_20160724_231955_487.wav,Pipnat
/storage/Plecolux_2016-TOUT/,LINGLE_20160725_000804_125.wav,Eptnil
/storage/Plecolux_2016-TOUT/,LINGLE_20160725_003126_637.wav,Eptser
/storage/Plecolux_2016-TOUT/,LINGLE_20160725_003146_637.wav,ENVsp
/storage/Plecolux_2016-TOUT/,LINGLE_20160725_003217_000.wav,ENVsp
/storage/Plecolux_2016-TOUT/,LINGLE_20160725_003319_318.wav,ENVsp
/storage/Plecolux_2016-TOUT/,LINGLE_20160725_003503_976.wav,ENVsp
/storage/Plecolux_2016-TOUT/,LINGLE_20160725_013223_000.wav,ENVsp
/storage/Plecolux_2016-TOUT/,LINGLE_20160725_013312_559.wav,ENVsp
/storage/Plecolux_2016-TOUT/,LINGLE_20160725_013412_559.wav,Nyclei
/storage/Plecolux_2016-TOUT/,LINGLE_20160725_013417_559.wav,ENVsp
/storage/Plecolux_2016-TOUT/,LINGLE_20160725_015236_227.wav,Pipnat
/storage/Plecolux_2016-TOUT/,LINGLE_20160725_020209_000.wav,Barbar
/storage/Plecolux_2016-TOUT/,LINGLE_20160725_020219_052.wav,Barbar
/storage/Plecolux_2016-TOUT/,20160729_222347_000.wav,Nyclei
/storage/Plecolux_2016-TOUT/,20160813_214146_000.wav,Nyclei
/storage/Plecolux_2016-TOUT/,20160813_214740_000.wav,ENVsp
/storage/Plecolux_2016-TOUT/,20160813_214745_000.wav,ENVsp
/storage/Plecolux_2016-TOUT/,20160813_222128_000.wav,ENVsp
/storage/SM2-Ligne161/,S4U00311_20171001_025905_000.wav,Myosp
/storage/SM2-Ligne161/,S4U00311_20171005_195257_000.wav,Myosp
/storage/SM2-Ligne161/,S4U00311_20171012_204442_000.wav,Myosp
/storage/SM2-Ligne161/,S4U00311_20171021_185328_000.wav,PippiT
/storage/SM2-Ligne161/,S4U00311_20171021_194403_000.wav,Pip50
/storage/SM2-Ligne161/,A-LIFE_20170928_214949_000.wav,Myosp
/storage/SM2-Ligne161/,A-LIFE_20170928_214954_000.wav,Myosp
/storage/SM2-Ligne161/,A-LIFE_20170928_221949_000.wav,Myosp
/storage/SM2-Ligne161/,A-LIFE_20170928_233459_000.wav,Myosp
/storage/SM2-Ligne161/,A-LIFE_20170929_003219_000.wav,Myosp
/storage/SM2-Ligne161/,A-LIFE_20171003_211634_000.wav,Myosp
/storage/SM2-Ligne161/,A-LIFE_20171003_211944_000.wav,Myosp
/storage/SM2-Ligne161/,A-LIFE_20171003_214759_000.wav,Myosp
/storage/SM2-Ligne161/,A-LIFE_20171003_215204_000.wav,Myosp
/storage/SM2-Ligne161/,A-LIFE_20171003_215249_000.wav,Myosp
/storage/SM2-Ligne161/,A-LIFE_20171003_220034_000.wav,Myosp
/storage/SM2-Ligne161/,A-LIFE_20171003_220054_000.wav,Myosp
/storage/SM2-Ligne161/,A-LIFE_20171003_220459_000.wav,Myosp
/storage/SM2-Ligne161/,A-LIFE_20171003_220639_000.wav,Myosp
/storage/SM2-Ligne161/,A-LIFE_20171003_220709_000.wav,Myosp
/storage/SM2-Ligne161/,A-LIFE_20171003_220719_000.wav,Myosp
/storage/SM2-Ligne161/,A-LIFE_20171003_221339_000.wav,Myosp
/storage/SM2-Ligne161/,A-LIFE_20171003_230029_000.wav,Myosp
/storage/SM2-Ligne161/,A-LIFE_20171003_230034_000.wav,Myosp
/storage/SM2-Ligne161/,A-LIFE_20171003_230044_000.wav,Myosp
/storage/SM2-Ligne161/,A-LIFE_20171003_231259_000.wav,Myosp
/storage/SM2-Ligne161/,A-LIFE_20171003_231324_000.wav,Myosp
/storage/SM2-Ligne161/,A-LIFE_20171004_220219_000.wav,Myosp
/storage/SM2-Ligne161/,A-LIFE_20171004_220459_000.wav,Myosp
/storage/SM2-Ligne161/,A-LIFE_20171004_222219_000.wav,Myosp
/storage/SM2-Ligne161/,A-LIFE_20171004_223424_000.wav,Myosp
/storage/SM2-Ligne161/,A-LIFE_20171004_224549_000.wav,Myosp
/storage/SM2-Ligne161/,A-LIFE_20171004_230004_000.wav,Myosp
/storage/SM2-Ligne161/,A-LIFE_20171005_004104_000.wav,Myosp
/storage/SM2-Ligne161/,A-LIFE_20171005_012229_000.wav,Myosp
/storage/SM2-Ligne161/,A-LIFE_20171005_012254_000.wav,Myosp
/storage/SM2-Ligne161/,A-LIFE_20171019_011444_000.wav,Myosp
/storage/SM2-Ligne161/,A-LIFE_20171019_011459_000.wav,Myosp
/storage/SM2_Escaut2015/,SM2BAT1_20150709_223132_343.wav,Nycnoc
/storage/SM2_Escaut2015/,SM2BAT1_20150709_224113_819.wav,Nycnoc
/storage/SM2_Escaut2015/,SM2BAT1_20150710_025704_642.wav,PippiT
/storage/SM2_Escaut2015/,SM2BAT1_20150710_005444_832.wav,Myodas
/storage/SM2_Escaut2015/,SM2BAT1_20150709_225755_920.wav,PippiT
/storage/SM2_Escaut2015/,SM2BAT1_20150710_001636_841.wav,ENVsp
/storage/SM2_Escaut2015/,SM2BAT1_20150710_040752_086.wav,Myomys
/storage/SM2_Escaut2015/,SM2BAT1_20150710_225739_423.wav,Eptser
/storage/SM2_Escaut2015/,SM2BAT1_20150711_015721_571.wav,Myosp
/storage/SM2_Escaut2015/,SM2BAT1_20150711_020155_715.wav,Myonat
/storage/SM2_Escaut2015/,SM2BAT1_20150711_015113_873.wav,Myosp
/storage/SM2_Escaut2015/,SM2BAT1_20150710_235903_041.wav,ENVsp
/storage/SM2_Escaut2015/,SM2BAT1_20150711_015344_670.wav,Myosp
/storage/SM2_Escaut2015/,SM2BAT1_20150711_021437_325.wav,Myosp
/storage/SM2_Escaut2015/,SM2BAT1_20150710_235406_087.wav,Myodas
/storage/SM2_Escaut2015/,SM2BAT1_20150711_004651_167.wav,Myodas
/storage/SM2_Escaut2015/,SM2BAT1_20150710_235630_683.wav,Myodau
/storage/SM2_Escaut2015/,SM2BAT1_20150711_012252_177.wav,Myodau
/storage/SM2_Escaut2015/,SM2BAT1_20150711_041711_940.wav,Pipnat
/storage/SM2_Escaut2015/,SM2BAT1_20150711_033324_621.wav,Myosp
/storage/SM2_Escaut2015/,SM2BAT1_20150711_045407_885.wav,Nycnoc
/storage/SM2_Escaut2015/,SM2BAT1_20150712_015312_997.wav,Pipnat
/storage/SM2_Escaut2015/,SM2BAT1_20150712_034403_589.wav,Myosp
/storage/SM2_Escaut2015/,SM2BAT1_20150715_002519_843.wav,PippiT
/storage/SM2_Escaut2015/,SM2BAT1_20150715_013158_718.wav,Pipnat
/storage/SM2_Escaut2015/,SM2BAT1_20150715_020043_381.wav,Pipnat
/storage/SM2_Escaut2015/,SM2BAT1_20150717_034804_000.wav,Myodau
/storage/SM2_Escaut2015/,SM2BAT1_20150717_003004_817.wav,Myosp
/storage/SM2_Escaut2015/,SM2BAT1_20150717_015149_800.wav,Myodau
/storage/SM2_Escaut2015/,SM2BAT1_20150717_040515_795.wav,Myosp
/storage/SM2_Escaut2015/,SM2BAT1_20150716_231024_507.wav,Myosp
/storage/SM2_Escaut2015/,SM2BAT1_20150716_233734_817.wav,Myosp
/storage/SM2_Escaut2015/,SM2BAT1_20150717_005851_963.wav,Myodas
/storage/SM2_Escaut2015/,SM2BAT1_20150717_002822_257.wav,Myodas
/storage/SM2_Escaut2015/,SM2BAT1_20150717_003914_915.wav,Myosp
/storage/SM2_Escaut2015/,SM2BAT1_20150717_002317_703.wav,Myodas
/storage/SM2_Escaut2015/,SM2BAT1_20150717_010603_115.wav,ENVsp
/storage/SM2_Escaut2015/,SM2BAT1_20150717_031112_002.wav,Myosp
/storage/SM2_Escaut2015/,SM2BAT1_20150717_015554_369.wav,Myosp
/storage/SM2_Escaut2015/,SM2BAT1_20150717_022609_047.wav,Myodau
/storage/SM2_Escaut2015/,SM2BAT1_20150717_000601_592.wav,Myosp
/storage/SM2_Escaut2015/,SM2BAT1_20150717_000126_657.wav,Myosp
/storage/SM2_Escaut2015/,SM2BAT1_20150717_025914_732.wav,Myosp
/storage/SM2_Escaut2015/,SM2BAT1_20150717_033453_245.wav,Eptser
/storage/SM2_Escaut2015/,SM2BAT1_20150716_235138_528.wav,Myosp
/storage/SM2_Escaut2015/,SM2BAT1_20150717_050833_937.wav,Nycnoc
/storage/SM2_Escaut2015/,SM2BAT1_20150718_045105_429.wav,Nycnoc
/storage/SM2_Escaut2015/,SM2BAT1_20150718_225806_229.wav,Myosp
/storage/SM2_Escaut2015/,SM2BAT1_20150811_220833_845.wav,Myodau
/storage/SM2_Escaut2015/,SM2BAT1_20150812_034334_000.wav,Myosp
/storage/SM2_Escaut2015/,SM2BAT1_20150812_220855_000.wav,Myosp
/storage/SM2_Escaut2015/,SM2BAT1_20150822_235422_057.wav,PippiT
/storage/SM2_Escaut2015/,SM2BAT1_20150823_050524_575.wav,PippiT
/storage/SM2_Escaut2015/,SM2BAT1_20150823_235333_923.wav,Myobra
/storage/SM2_Escaut2015/,SM2BAT1_20150824_000231_037.wav,Myosp
/storage/SM2_Escaut2015/,SM2BAT1_20150824_000236_037.wav,Myosp
/storage/SM2_Escaut2015/,SM2BAT1_20150824_000259_378.wav,Myomys
/storage/SM2_Escaut2015/,SM2BAT1_20150824_000917_720.wav,Myosp
/storage/SM2_Escaut2015/,SM2BAT1_20150824_001131_351.wav,Myobra
/storage/SM2_Escaut2015/,SM2BAT1_20150824_001917_389.wav,Myosp
/storage/SM2_Escaut2015/,SM2BAT1_20150824_002253_971.wav,Myoema
/storage/SM2_Escaut2015/,SM2BAT1_20150824_002814_393.wav,Pleaus
/storage/SM2_Escaut2015/,SM2BAT1_20150824_004715_445.wav,Myodau
/storage/SM2_Escaut2015/,SM2BAT1_20150824_022655_803.wav,Myoema
/storage/SM2_Escaut2015/,SM2BAT1_20150824_044012_119.wav,Pipnat
/storage/SM2_Escaut2015/,SM2BAT1_20150824_045851_281.wav,Myosp
/storage/SM2_Escaut2015/,SM2BAT1_20150926_015449_361.wav,Myosp
/storage/SM2_Escaut2015/,SM2BAT1_20150925_195133_477.wav,Myodau
/storage/SM2_Escaut2015/,SM2BAT1_20150926_015738_256.wav,Myosp
/storage/SM2_Escaut2015/,SM2BAT1_20150925_225346_619.wav,Myodau
/storage/SM2_Escaut2015/,SM2BAT1_20150925_205517_780.wav,Myodau
/storage/SM2_Escaut2015/,SM2BAT1_20150925_224419_480.wav,Myosp
/storage/SM2_Escaut2015/,SM2BAT1_20150925_225608_965.wav,Myoema
/storage/SM2_Escaut2015/,SM2BAT1_20150926_233341_483.wav,Myosp
/storage/SM2_Escaut2015/,SM2BAT1_20150926_232941_133.wav,Myodau
/storage/SM2_Escaut2015/,SM2BAT1_20150928_053547_409.wav,Myosp
/storage/SM2_Escaut2015/,SM2BAT1_20150928_035834_537.wav,Myodau
/storage/SM2_Escaut2015/,SM2BAT1_20150928_014527_178.wav,Pleaur
/storage/SM2_Escaut2015/,SM2BAT1_20150928_030315_057.wav,Myonat
