INDIR,FOLDER,IN FILE,DURATION,DATE,TIME,HOUR,DATE-12,TIME-12,HOUR-12,LATITUDE,LONGITUDE,MODEL,SERIAL NO,FIRMWARE,PREFIX,NOTES,AUTO ID,PULSES,MATCHING,MATCH RATIO,MARGIN,FILES,MANUAL ID,ORGID,USERID,REVIEW ORGID,REVIEW USERID,INPATHMD5
/home/maxime/Documents/memoire/tests,,A-DASY_20170310_202056_382.wav,3.017333,2017-03-10,20:20:56.381,20,2017-03-10,08:20:56.381,8,,,,,,,,,,,,,1,,,,,,s5W+pt5kBTubkulLEaKpGA==
/home/maxime/Documents/memoire/tests,,A-DASY_20170310_203317_812.wav,5,2017-03-10,20:33:17.812,20,2017-03-10,08:33:17.812,8,,,,,,,,,,,,,1,,,,,,APOZxxkRQbBkvCbS14B8Iw==
/home/maxime/Documents/memoire/tests,,A-DASY_20170310_203322_812.wav,5,2017-03-10,20:33:22.812,20,2017-03-10,08:33:22.812,8,,,,,,,,,,,,,1,,,,,,WaZbKTxPzUkPF1RAWPB+Ag==
/home/maxime/Documents/memoire/tests,,A-DASY_20170310_213949_363.wav,4.136667,2017-03-10,21:39:49.362,21,2017-03-10,09:39:49.362,9,,,,,,,,,,,,,1,,,,,,ExiLRQq8pqh0/MTHFTftHQ==
/home/maxime/Documents/memoire/tests,,A-DASY_20170310_234712_711.wav,5,2017-03-10,23:47:12.711,23,2017-03-10,11:47:12.711,11,,,,,,,,,,,,,1,,,,,,TJr65pf3UNuZ+vWSbnz+VQ==
/home/maxime/Documents/memoire/tests,,A-DASY_20170311_013753_157.wav,5,2017-03-11,01:37:53.155,1,2017-03-10,13:37:53.155,13,,,,,,,,,,,,,1,,,,,,EDjws0S9OR3CmFcELRZhlQ==
/home/maxime/Documents/memoire/tests,,A-DASY_20170311_015724_526.wav,5,2017-03-11,01:57:24.524,1,2017-03-10,13:57:24.524,13,,,,,,,,,,,,,1,,,,,,xlYvuI8vMHYQeASOC2UcOw==
/home/maxime/Documents/memoire/tests,,A-DASY_20170311_191702_821.wav,5,2017-03-11,19:17:02.821,19,2017-03-11,07:17:02.821,7,,,,,,,,,,,,,1,,,,,,FkaVRQKP4i1hpGOfHVX0sA==
/home/maxime/Documents/memoire/tests,,A-DASY_20170311_192122_331.wav,5,2017-03-11,19:21:22.329,19,2017-03-11,07:21:22.329,7,,,,,,,,,,,,,1,,,,,,2r9cwJQ0mdJQHiohoi12HA==
/home/maxime/Documents/memoire/tests,,A-DASY_20170311_195845_643.wav,5,2017-03-11,19:58:45.643,19,2017-03-11,07:58:45.643,7,,,,,,,,,,,,,1,,,,,,48ynRY5oAL0fQgggOgklJA==
/home/maxime/Documents/memoire/tests,,A-DASY_20170311_205932_117.wav,5,2017-03-11,20:59:32.115,20,2017-03-11,08:59:32.115,8,,,,,,,,,,,,,1,,,,,,Vcp8yf+ApKFwosqJGGJBgQ==
/home/maxime/Documents/memoire/tests,,A-DASY_20170311_225144_739.wav,5,2017-03-11,22:51:44.737,22,2017-03-11,10:51:44.737,10,,,,,,,,,,,,,1,,,,,,lO//G96GdOh8eScZ7UE6zg==
/home/maxime/Documents/memoire/tests,,A-DASY_20170311_225214_127.wav,1.872,2017-03-11,22:52:14.127,22,2017-03-11,10:52:14.127,10,,,,,,,,,,,,,1,,,,,,HuN101tS7sflqOzIPtzYXQ==
/home/maxime/Documents/memoire/tests,,A-DASY_20170311_233433_229.wav,5,2017-03-11,23:34:33.228,23,2017-03-11,11:34:33.228,11,,,,,,,,,,,,,1,,,,,,yBsRq7Obhwmk5Ux9fee1kQ==
/home/maxime/Documents/memoire/tests,,A-DASY_20170312_191221_256.wav,2.343333,2017-03-12,19:12:21.256,19,2017-03-12,07:12:21.256,7,,,,,,,,,,,,,1,,,,,,WXLqXRz6Hm7tyUvtN/7i7A==
/home/maxime/Documents/memoire/tests,,A-DASY_20170312_192249_973.wav,5,2017-03-12,19:22:49.972,19,2017-03-12,07:22:49.972,7,,,,,,,,,,,,,1,,,,,,Gj7+siIJCrTIoGRCoOmcLg==
/home/maxime/Documents/memoire/tests,,A-DASY_20170312_192515_560.wav,5,2017-03-12,19:25:15.560,19,2017-03-12,07:25:15.560,7,,,,,,,,,,,,,1,,,,,,SfDZPYxOhwmCkr5aMywwVQ==
/home/maxime/Documents/memoire/tests,,A-DASY_20170312_195655_020.wav,5,2017-03-12,19:56:55.020,19,2017-03-12,07:56:55.020,7,,,,,,,,,,,,,1,,,,,,UL4Ls8D956z13a21U7GSFA==
/home/maxime/Documents/memoire/tests,,A-DASY_20170312_201459_564.wav,5,2017-03-12,20:14:59.564,20,2017-03-12,08:14:59.564,8,,,,,,,,,,,,,1,,,,,,YcKS6gF2WvPiTz0r0Nzipw==
/home/maxime/Documents/memoire/tests,,A-DASY_20170312_201504_564.wav,3.835333,2017-03-12,20:15:04.564,20,2017-03-12,08:15:04.564,8,,,,,,,,,,,,,1,,,,,,JWip+qjU2vD2ncMdbYE3Xg==
/home/maxime/Documents/memoire/tests,,A-DASY_20170312_222339_336.wav,1.763333,2017-03-12,22:23:39.335,22,2017-03-12,10:23:39.335,10,,,,,,,,,,,,,1,,,,,,FFxz1iaf/N8Waeoy6Wuuxg==
/home/maxime/Documents/memoire/tests,,A-DASY_20170312_234951_932.wav,5,2017-03-12,23:49:51.932,23,2017-03-12,11:49:51.932,11,,,,,,,,,,,,,1,,,,,,HrsUV9N7V9Z+aaURgyZ9Jw==
/home/maxime/Documents/memoire/tests,,A-DASY_20170313_002302_082.wav,1.417333,2017-03-13,00:23:02.080,0,2017-03-12,12:23:02.080,12,,,,,,,,,,,,,1,,,,,,btI4O8fkoVeyD5IDcO8FLw==
/home/maxime/Documents/memoire/tests,,A-DASY_20170313_004401_525.wav,5,2017-03-13,00:44:01.524,0,2017-03-12,12:44:01.524,12,,,,,,,,,,,,,1,,,,,,FXBg0pWMVEmpe5n7WW9+Vw==
/home/maxime/Documents/memoire/tests,,A-DASY_20170313_004901_335.wav,5,2017-03-13,00:49:01.334,0,2017-03-12,12:49:01.334,12,,,,,,,,,,,,,1,,,,,,yuAq15C+0S/SEXR+3pZf6w==
/home/maxime/Documents/memoire/tests,,A-DASY_20170313_004906_335.wav,5,2017-03-13,00:49:06.333,0,2017-03-12,12:49:06.333,12,,,,,,,,,,,,,1,,,,,,Z2YSicBtOXOWMn+iRyCzWg==
/home/maxime/Documents/memoire/tests,,A-DASY_20170313_004926_925.wav,5,2017-03-13,00:49:26.925,0,2017-03-12,12:49:26.925,12,,,,,,,,,,,,,1,,,,,,SPBiPh9fJ0FSZ6glgCia5g==
/home/maxime/Documents/memoire/tests,,A-DASY_20170313_010336_599.wav,3.200667,2017-03-13,01:03:36.597,1,2017-03-12,13:03:36.597,13,,,,,,,,,,,,,1,,,,,,XaJZmq9C/rc6pTDt6bkH4g==
/home/maxime/Documents/memoire/tests,,A-DASY_20170313_194211_531.wav,5,2017-03-13,19:42:11.531,19,2017-03-13,07:42:11.531,7,,,,,,,,,,,,,1,,,,,,Bw6+nm099qZd40LLkqgtHw==
/home/maxime/Documents/memoire/tests,,A-DASY_20170313_195132_790.wav,5,2017-03-13,19:51:32.789,19,2017-03-13,07:51:32.789,7,,,,,,,,,,,,,1,,,,,,EDopWJ0F61Ajl0ZAdA/6uA==
/home/maxime/Documents/memoire/tests,,A-DASY_20170314_003748_300.wav,5,2017-03-14,00:37:48.298,0,2017-03-13,12:37:48.298,12,,,,,,,,,,,,,1,,,,,,qUeIQX6u++Z0Cv5hpblgVg==
/home/maxime/Documents/memoire/tests,,A-DASY_20170314_201711_189.wav,3.41,2017-03-14,20:17:11.189,20,2017-03-14,08:17:11.189,8,,,,,,,,,,,,,1,,,,,,GJ8M3MjF5xNhlGsQ1m6+0w==
/home/maxime/Documents/memoire/tests,,A-DASY_20170314_204449_974.wav,5,2017-03-14,20:44:49.972,20,2017-03-14,08:44:49.972,8,,,,,,,,,,,,,1,,,,,,5Bdsvf6dM5bqOS3Vj/NyKQ==
/home/maxime/Documents/memoire/tests,,A-DASY_20170314_223623_824.wav,5,2017-03-14,22:36:23.824,22,2017-03-14,10:36:23.824,10,,,,,,,,,,,,,1,,,,,,wl0qiwGBBsYSt6zANuzARA==
/home/maxime/Documents/memoire/tests,,A-DASY_20170314_224444_985.wav,5,2017-03-14,22:44:44.984,22,2017-03-14,10:44:44.984,10,,,,,,,,,,,,,1,,,,,,tPvkOVs9rdS3xzUAJJWRHQ==
/home/maxime/Documents/memoire/tests,,A-DASY_20170314_224449_985.wav,5,2017-03-14,22:44:49.984,22,2017-03-14,10:44:49.984,10,,,,,,,,,,,,,1,,,,,,kaK1yDSllVB5sz7bry9+Dw==
/home/maxime/Documents/memoire/tests,,A-DASY_20170314_225653_848.wav,4.951334,2017-03-14,22:56:53.847,22,2017-03-14,10:56:53.847,10,,,,,,,,,,,,,1,,,,,,iCg6OBPEPG+Dyjt/g6FT5g==
/home/maxime/Documents/memoire/tests,,A-DASY_20170315_022810_997.wav,5,2017-03-15,02:28:10.996,2,2017-03-14,14:28:10.996,14,,,,,,,,,,,,,1,,,,,,9SPVDECw3SrRCRvzI5iyQg==
/home/maxime/Documents/memoire/tests,,A-DASY_20170315_192832_384.wav,5,2017-03-15,19:28:32.384,19,2017-03-15,07:28:32.384,7,,,,,,,,,,,,,1,,,,,,Md9HR4W8QgZWXAJt5CwGpA==
/home/maxime/Documents/memoire/tests,,A-DASY_20170315_194342_061.wav,5,2017-03-15,19:43:42.060,19,2017-03-15,07:43:42.060,7,,,,,,,,,,,,,1,,,,,,t5IWNOk4Tch6CTeqy6zPcQ==
/home/maxime/Documents/memoire/tests,,A-DASY_20170315_222042_846.wav,5,2017-03-15,22:20:42.844,22,2017-03-15,10:20:42.844,10,,,,,,,,,,,,,1,,,,,,jfH8nFv0sCs9gm0/xewdZA==
/home/maxime/Documents/memoire/tests,,A-DASY_20170315_231742_205.wav,4.394,2017-03-15,23:17:42.204,23,2017-03-15,11:17:42.204,11,,,,,,,,,,,,,1,,,,,,8mb7o9Ht4gm3Aj8mfJFEYQ==
/home/maxime/Documents/memoire/tests,,A-DASY_20170315_235715_002.wav,5,2017-03-15,23:57:15.002,23,2017-03-15,11:57:15.002,11,,,,,,,,,,,,,1,,,,,,WgVG5lJxrrctoW0RzE2G5g==
/home/maxime/Documents/memoire/tests,,A-DASY_20170316_000918_483.wav,1.216,2017-03-16,00:09:18.483,0,2017-03-15,12:09:18.483,12,,,,,,,,,,,,,1,,,,,,zeeEzjsjXs7/1haAVa3YXg==
/home/maxime/Documents/memoire/tests,,A-DASY_20170316_000946_601.wav,2.498667,2017-03-16,00:09:46.600,0,2017-03-15,12:09:46.600,12,,,,,,,,,,,,,1,,,,,,bqBZxFuPsH2OMItem83tFg==
/home/maxime/Documents/memoire/tests,,A-DASY_20170316_002004_180.wav,5,2017-03-16,00:20:04.179,0,2017-03-15,12:20:04.179,12,,,,,,,,,,,,,1,,,,,,+kV37DG5oDB7AJhkHv47KQ==
/home/maxime/Documents/memoire/tests,,A-DASY_20170316_020236_600.wav,3.299333,2017-03-16,02:02:36.600,2,2017-03-15,14:02:36.600,14,,,,,,,,,,,,,1,,,,,,/Uk0Ncbev4upnR/Tzax48w==
/home/maxime/Documents/memoire/tests,,A-DASY_20170316_193552_398.wav,5,2017-03-16,19:35:52.398,19,2017-03-16,07:35:52.398,7,,,,,,,,,,,,,1,,,,,,C7M6u+xY5cwILu7xe2EaLw==
/home/maxime/Documents/memoire/tests,,A-DASY_20170316_195216_803.wav,5,2017-03-16,19:52:16.803,19,2017-03-16,07:52:16.803,7,,,,,,,,,,,,,1,,,,,,9YFwVDR46stEUeQ+I3mqoA==
/home/maxime/Documents/memoire/tests,,A-DASY_20170316_200024_375.wav,5,2017-03-16,20:00:24.375,20,2017-03-16,08:00:24.375,8,,,,,,,,,,,,,1,,,,,,/+3ZlcS4WEuClH0upzlDuA==
/home/maxime/Documents/memoire/tests,,A-DASY_20170316_205054_887.wav,2.712,2017-03-16,20:50:54.887,20,2017-03-16,08:50:54.887,8,,,,,,,,,,,,,1,,,,,,NryBFM45cYusUiOmB/xTqg==
/home/maxime/Documents/memoire/tests,,A-DASY_20170316_210926_487.wav,5,2017-03-16,21:09:26.486,21,2017-03-16,09:09:26.486,9,,,,,,,,,,,,,1,,,,,,NtVWoU9WnHEo3eUP+YRrMg==
/home/maxime/Documents/memoire/tests,,A-DASY_20170316_215148_549.wav,3.150667,2017-03-16,21:51:48.548,21,2017-03-16,09:51:48.548,9,,,,,,,,,,,,,1,,,,,,E+KcS0JWr9BgOfvltfSKUQ==
/home/maxime/Documents/memoire/tests,,A-DASY_20170316_220800_229.wav,1.772,2017-03-16,22:08:00.229,22,2017-03-16,10:08:00.229,10,,,,,,,,,,,,,1,,,,,,X63n4NK8fBMHyPQuwk08TQ==
/home/maxime/Documents/memoire/tests,,A-DASY_20170316_224949_855.wav,4.744667,2017-03-16,22:49:49.853,22,2017-03-16,10:49:49.853,10,,,,,,,,,,,,,1,,,,,,v4PBVpztVv8KNL7lycGUHA==
/home/maxime/Documents/memoire/tests,,A-DASY_20170316_235932_649.wav,2.55,2017-03-16,23:59:32.649,23,2017-03-16,11:59:32.649,11,,,,,,,,,,,,,1,,,,,,UPp3Nii0VOxI9tjYvUwRAQ==
/home/maxime/Documents/memoire/tests,,A-DASY_20170317_004535_259.wav,5,2017-03-17,00:45:35.259,0,2017-03-16,12:45:35.259,12,,,,,,,,,,,,,1,,,,,,/Z373REteNRpURDxL9tlrA==
/home/maxime/Documents/memoire/tests,,A-DASY_20170317_195349_314.wav,5,2017-03-17,19:53:49.314,19,2017-03-17,07:53:49.314,7,,,,,,,,,,,,,1,,,,,,u/RPpo8O+OdKQoAnYd/R+w==
/home/maxime/Documents/memoire/tests,,A-DASY_20170317_205334_513.wav,5,2017-03-17,20:53:34.512,20,2017-03-17,08:53:34.512,8,,,,,,,,,,,,,1,,,,,,tFrqkAv5auTTL3zZZh0uJQ==
/home/maxime/Documents/memoire/tests,,A-DASY_20170317_231744_000.wav,5,2017-03-17,23:17:44,23,2017-03-17,11:17:44,11,,,,,,,,,,,,,1,,,,,,hv9ynVcygASSKdYQ5wzH4A==
/home/maxime/Documents/memoire/tests,,A-DASY_20170317_231754_000.wav,5,2017-03-17,23:17:54,23,2017-03-17,11:17:54,11,,,,,,,,,,,,,1,,,,,,0+JFwzG0jXyHv1GiPl6w0g==
/home/maxime/Documents/memoire/tests,,A-DASY_20170318_210141_531.wav,5,2017-03-18,21:01:41.530,21,2017-03-18,09:01:41.530,9,,,,,,,,,,,,,1,,,,,,rLszPcXeKX4myh4enJrDBQ==
/home/maxime/Documents/memoire/tests,,A-DASY_20170318_212230_499.wav,3.300667,2017-03-18,21:22:30.498,21,2017-03-18,09:22:30.498,9,,,,,,,,,,,,,1,,,,,,/aAKl2A7t/A6ux9UJ7f6iQ==
/home/maxime/Documents/memoire/tests,,A-DASY_20170318_222613_523.wav,2.176667,2017-03-18,22:26:13.522,22,2017-03-18,10:26:13.522,10,,,,,,,,,,,,,1,,,,,,quBvxYyodrZe1aQm7rBOMA==
/home/maxime/Documents/memoire/tests,,A-DASY_20170319_211743_967.wav,5,2017-03-19,21:17:43.966,21,2017-03-19,09:17:43.966,9,,,,,,,,,,,,,1,,,,,,goOSYPQZkzle5axp4boqbA==
/home/maxime/Documents/memoire/tests,,A-DASY_20170320_011941_546.wav,5,2017-03-20,01:19:41.545,1,2017-03-19,13:19:41.545,13,,,,,,,,,,,,,1,,,,,,rAA0LBrzf5txxk1jj0oOxQ==
/home/maxime/Documents/memoire/tests,,A-DASY_20170320_012020_620.wav,3.979333,2017-03-20,01:20:20.620,1,2017-03-19,13:20:20.620,13,,,,,,,,,,,,,1,,,,,,11TEBwZBTD9qk+DUOIdiHA==
/home/maxime/Documents/memoire/tests,,A-DASY_20170320_013523_459.wav,5,2017-03-20,01:35:23.457,1,2017-03-19,13:35:23.457,13,,,,,,,,,,,,,1,,,,,,fMk8s5zR8/t3BEOEQFL7Ng==
/home/maxime/Documents/memoire/tests,,A-DASY_20170320_023726_437.wav,2.062,2017-03-20,02:37:26.437,2,2017-03-19,14:37:26.437,14,,,,,,,,,,,,,1,,,,,,VU7T70L698N2se+SjXs7uQ==
/home/maxime/Documents/memoire/tests,,A-DASY_20170320_023918_041.wav,5,2017-03-20,02:39:18.041,2,2017-03-19,14:39:18.041,14,,,,,,,,,,,,,1,,,,,,UFyOGOK178DjFnhqqT3xpA==
/home/maxime/Documents/memoire/tests,,A-DASY_20170320_235445_004.wav,5,2017-03-20,23:54:45.003,23,2017-03-20,11:54:45.003,11,,,,,,,,,,,,,1,,,,,,73n7QWIcMJDXPy/QYKgbyA==
/home/maxime/Documents/memoire/tests,,A-DASY_20170321_014811_777.wav,5,2017-03-21,01:48:11.775,1,2017-03-20,13:48:11.775,13,,,,,,,,,,,,,1,,,,,,SG6j+aVM90vuTfHWQI7hqQ==
/home/maxime/Documents/memoire/tests,,A-DASY_20170321_020128_193.wav,5,2017-03-21,02:01:28.193,2,2017-03-20,14:01:28.193,14,,,,,,,,,,,,,1,,,,,,AGdtQc9Ko9WvCJxozVRjcQ==
/home/maxime/Documents/memoire/tests,,A-DASY_20170321_040143_881.wav,5,2017-03-21,04:01:43.881,4,2017-03-20,16:01:43.881,16,,,,,,,,,,,,,1,,,,,,qTT+fMlN+L4V4SyhHzSZ1w==
/home/maxime/Documents/memoire/tests,,A-DASY_20170321_192917_982.wav,4.317333,2017-03-21,19:29:17.981,19,2017-03-21,07:29:17.981,7,,,,,,,,,,,,,1,,,,,,gJxNrVYbt2XR4ZQBpanNhQ==
/home/maxime/Documents/memoire/tests,,A-DASY_20170321_210834_449.wav,5,2017-03-21,21:08:34.448,21,2017-03-21,09:08:34.448,9,,,,,,,,,,,,,1,,,,,,z0MQR3aWXlXbIZcYewb0sw==
/home/maxime/Documents/memoire/tests,,A-DASY_20170321_211949_571.wav,5,2017-03-21,21:19:49.570,21,2017-03-21,09:19:49.570,9,,,,,,,,,,,,,1,,,,,,zY/hps2kPS2/1fcei3K+gg==
/home/maxime/Documents/memoire/tests,,A-DASY_20170321_211954_571.wav,2.928,2017-03-21,21:19:54.570,21,2017-03-21,09:19:54.570,9,,,,,,,,,,,,,1,,,,,,Azjp6sxLaiA3XQLH/drVZg==
/home/maxime/Documents/memoire/tests,,A-DASY_20170321_214845_313.wav,4.786,2017-03-21,21:48:45.313,21,2017-03-21,09:48:45.313,9,,,,,,,,,,,,,1,,,,,,ymr3RAzEIkwb0RbKZWJM1w==
/home/maxime/Documents/memoire/tests,,A-DASY_20170321_220143_893.wav,2.206,2017-03-21,22:01:43.893,22,2017-03-21,10:01:43.893,10,,,,,,,,,,,,,1,,,,,,nMry/kAR7WevISSnIH7ENQ==
/home/maxime/Documents/memoire/tests,,A-DASY_20170322_002614_785.wav,3.014667,2017-03-22,00:26:14.785,0,2017-03-21,12:26:14.785,12,,,,,,,,,,,,,1,,,,,,CgD38sRT+AOZpCzLkvVNpQ==
/home/maxime/Documents/memoire/tests,,A-DASY_20170322_005137_609.wav,2.59,2017-03-22,00:51:37.609,0,2017-03-21,12:51:37.609,12,,,,,,,,,,,,,1,,,,,,WBf6brZBcVmavE+GVfz7Jg==
/home/maxime/Documents/memoire/tests,,A-DASY_20170322_010513_636.wav,3.463333,2017-03-22,01:05:13.634,1,2017-03-21,13:05:13.634,13,,,,,,,,,,,,,1,,,,,,aGc5bpqjdUZ51U9JgmJW5g==
/home/maxime/Documents/memoire/tests,,A-DASY_20170322_205826_481.wav,4.018,2017-03-22,20:58:26.481,20,2017-03-22,08:58:26.481,8,,,,,,,,,,,,,1,,,,,,nvmm8vdBvYBMTJkWLaMWVw==
/home/maxime/Documents/memoire/tests,,A-DASY_20170322_220520_130.wav,2.769333,2017-03-22,22:05:20.129,22,2017-03-22,10:05:20.129,10,,,,,,,,,,,,,1,,,,,,d15QsBxaUx+2fJ8mWWzU+A==
/home/maxime/Documents/memoire/tests,,A-DASY_20170323_023501_514.wav,5,2017-03-23,02:35:01.514,2,2017-03-22,14:35:01.514,14,,,,,,,,,,,,,1,,,,,,nHZg9+TrA3kbjsGxrkgz6w==
/home/maxime/Documents/memoire/tests,,A-DASY_20170323_193959_371.wav,5,2017-03-23,19:39:59.371,19,2017-03-23,07:39:59.371,7,,,,,,,,,,,,,1,,,,,,D4zMyFdDWabIgylqnXJYRA==
/home/maxime/Documents/memoire/tests,,A-DASY_20170323_194004_371.wav,5,2017-03-23,19:40:04.371,19,2017-03-23,07:40:04.371,7,,,,,,,,,,,,,1,,,,,,kcU9F5Q+jLbrzGGv2F9k1w==
/home/maxime/Documents/memoire/tests,,A-DASY_20170323_200951_913.wav,5,2017-03-23,20:09:51.911,20,2017-03-23,08:09:51.911,8,,,,,,,,,,,,,1,,,,,,FMoj945p4rtknDpPcnRyvA==
/home/maxime/Documents/memoire/tests,,A-DASY_20170323_222618_340.wav,5,2017-03-23,22:26:18.338,22,2017-03-23,10:26:18.338,10,,,,,,,,,,,,,1,,,,,,P/rr7eY29B2x+AK5CqPSEQ==
/home/maxime/Documents/memoire/tests,,A-DASY_20170324_004921_492.wav,5,2017-03-24,00:49:21.492,0,2017-03-23,12:49:21.492,12,,,,,,,,,,,,,1,,,,,,JVodQffgJVkvsyvBRGuBfA==
/home/maxime/Documents/memoire/tests,,A-DASY_20170324_013404_000.wav,3.099333,2017-03-24,01:34:04,1,2017-03-23,13:34:04,13,,,,,,,,,,,,,1,,,,,,4RVXLa0TD99l4psvOEspTQ==
/home/maxime/Documents/memoire/tests,,A-DASY_20170324_022530_487.wav,5,2017-03-24,02:25:30.486,2,2017-03-23,14:25:30.486,14,,,,,,,,,,,,,1,,,,,,jDFGfuMTdkBMq2RBZL1mqA==
/home/maxime/Documents/memoire/tests,,A-DASY_20170324_222249_577.wav,5,2017-03-24,22:22:49.576,22,2017-03-24,10:22:49.576,10,,,,,,,,,,,,,1,,,,,,Eip4ikswZ8HrUli48dIuzA==
/home/maxime/Documents/memoire/tests,,A-DASY_20170325_013056_207.wav,5,2017-03-25,01:30:56.207,1,2017-03-24,13:30:56.207,13,,,,,,,,,,,,,1,,,,,,KnzGGlW1hsrL/4F6AYM4rw==
/home/maxime/Documents/memoire/tests,,A-DASY_20170325_013101_207.wav,0.794,2017-03-25,01:31:01.207,1,2017-03-24,13:31:01.207,13,,,,,,,,,,,,,1,,,,,,A7eWYNO4DjIFBgCrGD8BQA==
/home/maxime/Documents/memoire/tests,,A-DASY_20170325_013104_000.wav,3.899333,2017-03-25,01:31:04,1,2017-03-24,13:31:04,13,,,,,,,,,,,,,1,,,,,,6SwGb7beWv9AQGmKZQkSVQ==
/home/maxime/Documents/memoire/tests,,A-DASY_20170325_194101_035.wav,5,2017-03-25,19:41:01.034,19,2017-03-25,07:41:01.034,7,,,,,,,,,,,,,1,,,,,,7hxXCYW6IC0go2qPeX07JQ==
/home/maxime/Documents/memoire/tests,,A-DASY_20170325_201947_848.wav,3.051333,2017-03-25,20:19:47.847,20,2017-03-25,08:19:47.847,8,,,,,,,,,,,,,1,,,,,,y9KCeBoCU/3IAcgUlqqitw==
/home/maxime/Documents/memoire/tests,,A-DASY_20170325_202105_049.wav,5,2017-03-25,20:21:05.049,20,2017-03-25,08:21:05.049,8,,,,,,,,,,,,,1,,,,,,hUViUFRb5H/+6Cafn536ww==
/home/maxime/Documents/memoire/tests,,A-DASY_20170325_211422_318.wav,3.081333,2017-03-25,21:14:22.318,21,2017-03-25,09:14:22.318,9,,,,,,,,,,,,,1,,,,,,VVkQ8TjLGKVkHuricMjOfA==
/home/maxime/Documents/memoire/tests,,A-DASY_20170325_220601_799.wav,5,2017-03-25,22:06:01.798,22,2017-03-25,10:06:01.798,10,,,,,,,,,,,,,1,,,,,,f2yYT3YcgQXY1s4YY3go8A==
/home/maxime/Documents/memoire/tests,,A-DASY_20170325_221842_278.wav,5,2017-03-25,22:18:42.277,22,2017-03-25,10:18:42.277,10,,,,,,,,,,,,,1,,,,,,PqyXkaexsWdqcHTLwAweNA==
/home/maxime/Documents/memoire/tests,,A-DASY_20170326_015337_734.wav,5,2017-03-26,01:53:37.734,1,2017-03-25,13:53:37.734,13,,,,,,,,,,,,,1,,,,,,NNEiDgUqZ6neq/N7lki5ug==
/home/maxime/Documents/memoire/tests,,B-DASY_20170311_193103_685.wav,5,2017-03-11,19:31:03.685,19,2017-03-11,07:31:03.685,7,,,,,,,,,,,,,1,,,,,,PMAyvE+N0p8laydXKLNwig==
/home/maxime/Documents/memoire/tests,,B-DASY_20170311_193108_685.wav,5,2017-03-11,19:31:08.685,19,2017-03-11,07:31:08.685,7,,,,,,,,,,,,,1,,,,,,+/khpw0zEj2GK9fv0NNXbQ==
/home/maxime/Documents/memoire/tests,,B-DASY_20170311_194832_969.wav,2.730667,2017-03-11,19:48:32.969,19,2017-03-11,07:48:32.969,7,,,,,,,,,,,,,1,,,,,,NHmylrZwuyuMMKlrexO0Iw==
/home/maxime/Documents/memoire/tests,,B-DASY_20170311_195344_945.wav,3.054667,2017-03-11,19:53:44.945,19,2017-03-11,07:53:44.945,7,,,,,,,,,,,,,1,,,,,,zQA1ewmvMMhNOkD2hNVPVA==
/home/maxime/Documents/memoire/tests,,B-DASY_20170311_203206_799.wav,5,2017-03-11,20:32:06.799,20,2017-03-11,08:32:06.799,8,,,,,,,,,,,,,1,,,,,,WpLEjhlzCbntVDH59N5I4g==
/home/maxime/Documents/memoire/tests,,B-DASY_20170311_230013_257.wav,5,2017-03-11,23:00:13.256,23,2017-03-11,11:00:13.256,11,,,,,,,,,,,,,1,,,,,,krOI0cp0yycZ16eCFZ1WeA==
/home/maxime/Documents/memoire/tests,,B-DASY_20170312_190626_907.wav,5,2017-03-12,19:06:26.907,19,2017-03-12,07:06:26.907,7,,,,,,,,,,,,,1,,,,,,1hxGz6c3nih1MtGJMkuHIg==
/home/maxime/Documents/memoire/tests,,B-DASY_20170312_192858_225.wav,5,2017-03-12,19:28:58.225,19,2017-03-12,07:28:58.225,7,,,,,,,,,,,,,1,,,,,,RblzSA4EcC+T4D3UlXQ9gA==
/home/maxime/Documents/memoire/tests,,B-DASY_20170312_202027_152.wav,5,2017-03-12,20:20:27.152,20,2017-03-12,08:20:27.152,8,,,,,,,,,,,,,1,,,,,,B/z2fhrPB/HLVqy4jsnL+w==
/home/maxime/Documents/memoire/tests,,B-DASY_20170312_205305_272.wav,5,2017-03-12,20:53:05.272,20,2017-03-12,08:53:05.272,8,,,,,,,,,,,,,1,,,,,,Cj2JbpcvaMahV/h+677z3g==
/home/maxime/Documents/memoire/tests,,B-DASY_20170313_191831_954.wav,3.045333,2017-03-13,19:18:31.954,19,2017-03-13,07:18:31.954,7,,,,,,,,,,,,,1,,,,,,FGkOZhYwgZz3wmnTYrOz0w==
/home/maxime/Documents/memoire/tests,,B-DASY_20170313_203141_870.wav,4.129333,2017-03-13,20:31:41.868,20,2017-03-13,08:31:41.868,8,,,,,,,,,,,,,1,,,,,,xRJYezwhfrR7gsaHJuAeSg==
/home/maxime/Documents/memoire/tests,,B-DASY_20170313_204550_250.wav,3.949333,2017-03-13,20:45:50.250,20,2017-03-13,08:45:50.250,8,,,,,,,,,,,,,1,,,,,,gfQJslUtsK0fcFPQzXCArw==
/home/maxime/Documents/memoire/tests,,B-DASY_20170313_212833_201.wav,5,2017-03-13,21:28:33.201,21,2017-03-13,09:28:33.201,9,,,,,,,,,,,,,1,,,,,,/tPEP9r61eegOMWVDYeGag==
/home/maxime/Documents/memoire/tests,,B-DASY_20170313_230150_788.wav,5,2017-03-13,23:01:50.786,23,2017-03-13,11:01:50.786,11,,,,,,,,,,,,,1,,,,,,y2+RvFg5YTtsum9XjSQgQQ==
/home/maxime/Documents/memoire/tests,,B-DASY_20170314_192319_119.wav,5,2017-03-14,19:23:19.117,19,2017-03-14,07:23:19.117,7,,,,,,,,,,,,,1,,,,,,wtVTELy8ahfuCpKMzat9fg==
/home/maxime/Documents/memoire/tests,,B-DASY_20170314_193454_677.wav,5,2017-03-14,19:34:54.676,19,2017-03-14,07:34:54.676,7,,,,,,,,,,,,,1,,,,,,7qahKvMcI1mFp1Q0RA6+3w==
/home/maxime/Documents/memoire/tests,,B-DASY_20170314_194602_001.wav,5,2017-03-14,19:46:02,19,2017-03-14,07:46:02,7,,,,,,,,,,,,,1,,,,,,O9Xsqjm6sVrrntnb2kpAPA==
/home/maxime/Documents/memoire/tests,,B-DASY_20170316_191628_292.wav,5,2017-03-16,19:16:28.292,19,2017-03-16,07:16:28.292,7,,,,,,,,,,,,,1,,,,,,E1J/HkQ2w8HVCDZ6Ir+Xog==
/home/maxime/Documents/memoire/tests,,B-DASY_20170316_194030_762.wav,5,2017-03-16,19:40:30.762,19,2017-03-16,07:40:30.762,7,,,,,,,,,,,,,1,,,,,,+JPguz8NkaVxg+CI9iwuQg==
/home/maxime/Documents/memoire/tests,,B-DASY_20170316_194856_373.wav,5,2017-03-16,19:48:56.371,19,2017-03-16,07:48:56.371,7,,,,,,,,,,,,,1,,,,,,DBQKMFxLcasZ1uhKJy1fIg==
/home/maxime/Documents/memoire/tests,,B-DASY_20170316_204730_181.wav,5,2017-03-16,20:47:30.181,20,2017-03-16,08:47:30.181,8,,,,,,,,,,,,,1,,,,,,xX1L2MOqQwBaYs3pW1PIJg==
/home/maxime/Documents/memoire/tests,,B-DASY_20170316_232831_940.wav,5,2017-03-16,23:28:31.940,23,2017-03-16,11:28:31.940,11,,,,,,,,,,,,,1,,,,,,yLQ9cNuKnBECG1usp4tdIQ==
/home/maxime/Documents/memoire/tests,,B-DASY_20170317_195424_000.wav,5,2017-03-17,19:54:24,19,2017-03-17,07:54:24,7,,,,,,,,,,,,,1,,,,,,B/qYR9SK6WMfiEXs99+OWQ==
/home/maxime/Documents/memoire/tests,,B-DASY_20170317_202154_000.wav,5,2017-03-17,20:21:54,20,2017-03-17,08:21:54,8,,,,,,,,,,,,,1,,,,,,ie3AejfVI2D3j8zC+yAsBw==
/home/maxime/Documents/memoire/tests,,B-DASY_20170317_202714_000.wav,5,2017-03-17,20:27:14,20,2017-03-17,08:27:14,8,,,,,,,,,,,,,1,,,,,,KpGtL830a8v/GqGcMZMdKQ==
/home/maxime/Documents/memoire/tests,,B-DASY_20170319_201712_293.wav,5,2017-03-19,20:17:12.291,20,2017-03-19,08:17:12.291,8,,,,,,,,,,,,,1,,,,,,GWNU3uSN7k/aMTzxrWEtuQ==
/home/maxime/Documents/memoire/tests,,B-DASY_20170320_002713_941.wav,5,2017-03-20,00:27:13.941,0,2017-03-19,12:27:13.941,12,,,,,,,,,,,,,1,,,,,,3tea8UN5da1R2aniGTHBBw==
/home/maxime/Documents/memoire/tests,,B-DASY_20170320_020102_495.wav,5,2017-03-20,02:01:02.495,2,2017-03-19,14:01:02.495,14,,,,,,,,,,,,,1,,,,,,4pVoHejvUmxhXc7TvaxpIQ==
/home/maxime/Documents/memoire/tests,,B-DASY_20170320_202924_000.wav,5,2017-03-20,20:29:24,20,2017-03-20,08:29:24,8,,,,,,,,,,,,,1,,,,,,4uGWJ/YslimU0UkoX6uctw==
/home/maxime/Documents/memoire/tests,,B-DASY_20170320_204019_000.wav,5,2017-03-20,20:40:19,20,2017-03-20,08:40:19,8,,,,,,,,,,,,,1,,,,,,yLcZBYwu7qvclkQlUCtUpw==
/home/maxime/Documents/memoire/tests,,B-DASY_20170320_210429_000.wav,5,2017-03-20,21:04:29,21,2017-03-20,09:04:29,9,,,,,,,,,,,,,1,,,,,,2U6sAhb//Si2zDQfmz0vTw==
/home/maxime/Documents/memoire/tests,,B-DASY_20170320_210934_000.wav,5,2017-03-20,21:09:34,21,2017-03-20,09:09:34,9,,,,,,,,,,,,,1,,,,,,P9Dj/w17VPFkiGBf1Sabeg==
/home/maxime/Documents/memoire/tests,,B-DASY_20170320_210939_000.wav,5,2017-03-20,21:09:39,21,2017-03-20,09:09:39,9,,,,,,,,,,,,,1,,,,,,RATBnLb0gu+f9Zt8goKMJg==
/home/maxime/Documents/memoire/tests,,B-DASY_20170320_221935_905.wav,5,2017-03-20,22:19:35.905,22,2017-03-20,10:19:35.905,10,,,,,,,,,,,,,1,,,,,,STSWqSoOyYVEtsd1mxr07w==
/home/maxime/Documents/memoire/tests,,B-DASY_20170320_231702_301.wav,5,2017-03-20,23:17:02.301,23,2017-03-20,11:17:02.301,11,,,,,,,,,,,,,1,,,,,,1dL0eOQt8IMN4HYjqwUT6Q==
/home/maxime/Documents/memoire/tests,,B-DASY_20170321_210508_878.wav,5,2017-03-21,21:05:08.878,21,2017-03-21,09:05:08.878,9,,,,,,,,,,,,,1,,,,,,eedohlwX228JsQf2PL27MA==
/home/maxime/Documents/memoire/tests,,B-DASY_20170322_201927_098.wav,5,2017-03-22,20:19:27.097,20,2017-03-22,08:19:27.097,8,,,,,,,,,,,,,1,,,,,,2hn1Y2gdCJTv8fXs5AuM/Q==
/home/maxime/Documents/memoire/tests,,B-DASY_20170322_204518_016.wav,3.683333,2017-03-22,20:45:18.015,20,2017-03-22,08:45:18.015,8,,,,,,,,,,,,,1,,,,,,9MCzfpySbfvM2XExLYO96A==
/home/maxime/Documents/memoire/tests,,B-DASY_20170322_212617_811.wav,5,2017-03-22,21:26:17.811,21,2017-03-22,09:26:17.811,9,,,,,,,,,,,,,1,,,,,,bLTSrfqU/vZf0iLbQ539ow==
/home/maxime/Documents/memoire/tests,,B-DASY_20170322_214115_869.wav,5,2017-03-22,21:41:15.868,21,2017-03-22,09:41:15.868,9,,,,,,,,,,,,,1,,,,,,tol95HJeUK2gZdv/N9FJSw==
/home/maxime/Documents/memoire/tests,,B-DASY_20170322_221405_758.wav,5,2017-03-22,22:14:05.758,22,2017-03-22,10:14:05.758,10,,,,,,,,,,,,,1,,,,,,WeeHfVMYKHFMXmiBqRalJQ==
/home/maxime/Documents/memoire/tests,,B-DASY_20170322_221528_935.wav,5,2017-03-22,22:15:28.934,22,2017-03-22,10:15:28.934,10,,,,,,,,,,,,,1,,,,,,BObU3vfWxv3iSBkFsbKurQ==
/home/maxime/Documents/memoire/tests,,B-DASY_20170323_001314_000.wav,3.199333,2017-03-23,00:13:14,0,2017-03-22,12:13:14,12,,,,,,,,,,,,,1,,,,,,4tATzMwWmqEOZLud6UWL0A==
/home/maxime/Documents/memoire/tests,,B-DASY_20170323_013434_549.wav,4.05,2017-03-23,01:34:34.548,1,2017-03-22,13:34:34.548,13,,,,,,,,,,,,,1,,,,,,LaWNsJrvloYU45IANZ6Nzg==
/home/maxime/Documents/memoire/tests,,B-DASY_20170323_032950_065.wav,3.234667,2017-03-23,03:29:50.064,3,2017-03-22,15:29:50.064,15,,,,,,,,,,,,,1,,,,,,gE7Hl/0CEQYOd7RU1n81lg==
/home/maxime/Documents/memoire/tests,,B-DASY_20170323_050924_859.wav,5,2017-03-23,05:09:24.859,5,2017-03-22,17:09:24.859,17,,,,,,,,,,,,,1,,,,,,BOmGspLxxwKZbhF0nzV86g==
/home/maxime/Documents/memoire/tests,,B-DASY_20170323_192339_103.wav,5,2017-03-23,19:23:39.103,19,2017-03-23,07:23:39.103,7,,,,,,,,,,,,,1,,,,,,TEPnVUFxbIyPQTNBhRXP3Q==
/home/maxime/Documents/memoire/tests,,B-DASY_20170323_200549_737.wav,4.962667,2017-03-23,20:05:49.737,20,2017-03-23,08:05:49.737,8,,,,,,,,,,,,,1,,,,,,FXGOP09y9vM+7z4TxmcY5A==
/home/maxime/Documents/memoire/tests,,B-DASY_20170323_200554_737.wav,5,2017-03-23,20:05:54.737,20,2017-03-23,08:05:54.737,8,,,,,,,,,,,,,1,,,,,,9pAYJrNPMFsaTZobHEBs3w==
/home/maxime/Documents/memoire/tests,,B-DASY_20170323_201740_941.wav,2.758667,2017-03-23,20:17:40.941,20,2017-03-23,08:17:40.941,8,,,,,,,,,,,,,1,,,,,,PdappLzPXeYpZEmnhiFdsA==
/home/maxime/Documents/memoire/tests,,B-DASY_20170323_202117_369.wav,5,2017-03-23,20:21:17.367,20,2017-03-23,08:21:17.367,8,,,,,,,,,,,,,1,,,,,,+SVDEt3pKN5lO2n/TSBUag==
/home/maxime/Documents/memoire/tests,,B-DASY_20170323_202122_369.wav,5,2017-03-23,20:21:22.367,20,2017-03-23,08:21:22.367,8,,,,,,,,,,,,,1,,,,,,yqxu4uagLceECKcl7c7Y3w==
/home/maxime/Documents/memoire/tests,,B-DASY_20170323_205308_121.wav,3.078667,2017-03-23,20:53:08.121,20,2017-03-23,08:53:08.121,8,,,,,,,,,,,,,1,,,,,,XNvHHXnnSGIpYqOzXR4J/w==
/home/maxime/Documents/memoire/tests,,B-DASY_20170323_205322_082.wav,5,2017-03-23,20:53:22.082,20,2017-03-23,08:53:22.082,8,,,,,,,,,,,,,1,,,,,,U0EwIqUNwgMAdC4CT0Yp1g==
/home/maxime/Documents/memoire/tests,,B-DASY_20170323_213507_849.wav,5,2017-03-23,21:35:07.849,21,2017-03-23,09:35:07.849,9,,,,,,,,,,,,,1,,,,,,NWl/OwUgTNc/yu9U2IOo9Q==
/home/maxime/Documents/memoire/tests,,C-DASY_20170310_230137_243.wav,3.756667,2017-03-10,23:01:37.243,23,2017-03-10,11:01:37.243,11,,,,,,,,,,,,,1,,,,,,6GPWjpHkb/tKukGGrFBPbQ==
/home/maxime/Documents/memoire/tests,,C-DASY_20170310_232652_195.wav,5,2017-03-10,23:26:52.195,23,2017-03-10,11:26:52.195,11,,,,,,,,,,,,,1,,,,,,Oki4bl3A7JbHMlobk6omZA==
/home/maxime/Documents/memoire/tests,,C-DASY_20170311_211939_801.wav,5,2017-03-11,21:19:39.801,21,2017-03-11,09:19:39.801,9,,,,,,,,,,,,,1,,,,,,2DxSUn5v3zYOWwO4UDu41g==
/home/maxime/Documents/memoire/tests,,C-DASY_20170311_215311_089.wav,5,2017-03-11,21:53:11.089,21,2017-03-11,09:53:11.089,9,,,,,,,,,,,,,1,,,,,,D1KCXvNsyoCYBZuw2yD0xA==
/home/maxime/Documents/memoire/tests,,C-DASY_20170311_221423_035.wav,5,2017-03-11,22:14:23.035,22,2017-03-11,10:14:23.035,10,,,,,,,,,,,,,1,,,,,,s0wZPkQGKKxs2HYhibB19Q==
/home/maxime/Documents/memoire/tests,,C-DASY_20170311_223114_393.wav,3.006667,2017-03-11,22:31:14.393,22,2017-03-11,10:31:14.393,10,,,,,,,,,,,,,1,,,,,,rrUi9qH6A+wk0bmlZRApVw==
/home/maxime/Documents/memoire/tests,,C-DASY_20170311_225646_309.wav,3.09,2017-03-11,22:56:46.307,22,2017-03-11,10:56:46.307,10,,,,,,,,,,,,,1,,,,,,7EySgwcTq5Zb5/2iJxtfiA==
/home/maxime/Documents/memoire/tests,,C-DASY_20170311_235712_582.wav,5,2017-03-11,23:57:12.582,23,2017-03-11,11:57:12.582,11,,,,,,,,,,,,,1,,,,,,3TlyNucA6ON07LGK/kbyWQ==
/home/maxime/Documents/memoire/tests,,C-DASY_20170312_014313_397.wav,4.702,2017-03-12,01:43:13.397,1,2017-03-11,13:43:13.397,13,,,,,,,,,,,,,1,,,,,,mB9EIUriVo3uSMXnuglnRw==
/home/maxime/Documents/memoire/tests,,C-DASY_20170312_014450_959.wav,5,2017-03-12,01:44:50.959,1,2017-03-11,13:44:50.959,13,,,,,,,,,,,,,1,,,,,,PBqsWpJL5ffPFSEmLXR8gw==
/home/maxime/Documents/memoire/tests,,C-DASY_20170312_230016_252.wav,4.847333,2017-03-12,23:00:16.251,23,2017-03-12,11:00:16.251,11,,,,,,,,,,,,,1,,,,,,v2mbDWFK0k+CZIHCuahL/w==
/home/maxime/Documents/memoire/tests,,C-DASY_20170312_232024_413.wav,5,2017-03-12,23:20:24.413,23,2017-03-12,11:20:24.413,11,,,,,,,,,,,,,1,,,,,,VaiYioZuMUYHrq1ZZL7Z0g==
/home/maxime/Documents/memoire/tests,,C-DASY_20170312_233736_253.wav,3.046,2017-03-12,23:37:36.253,23,2017-03-12,11:37:36.253,11,,,,,,,,,,,,,1,,,,,,mvV6KTQPz4uVgAw6okUS9A==
/home/maxime/Documents/memoire/tests,,C-DASY_20170313_004044_413.wav,1.486667,2017-03-13,00:40:44.411,0,2017-03-12,12:40:44.411,12,,,,,,,,,,,,,1,,,,,,7mYyD5bqbCUPRRvNbi2mAg==
/home/maxime/Documents/memoire/tests,,C-DASY_20170313_213507_897.wav,4.402,2017-03-13,21:35:07.897,21,2017-03-13,09:35:07.897,9,,,,,,,,,,,,,1,,,,,,AQcRgqm8NaNpliuH8J3NfA==
/home/maxime/Documents/memoire/tests,,C-DASY_20170313_232033_005.wav,5,2017-03-13,23:20:33.005,23,2017-03-13,11:20:33.005,11,,,,,,,,,,,,,1,,,,,,mIU9V8Pr7exPWz2vl1tgRw==
/home/maxime/Documents/memoire/tests,,C-DASY_20170313_232845_682.wav,5,2017-03-13,23:28:45.682,23,2017-03-13,11:28:45.682,11,,,,,,,,,,,,,1,,,,,,q2kiyQ/zcVDT1jqCTMMjcQ==
/home/maxime/Documents/memoire/tests,,C-DASY_20170314_023833_003.wav,4.396667,2017-03-14,02:38:33.003,2,2017-03-13,14:38:33.003,14,,,,,,,,,,,,,1,,,,,,ZVnXwGH02IW3GB5oxpo+fA==
/home/maxime/Documents/memoire/tests,,C-DASY_20170314_220436_329.wav,3.270667,2017-03-14,22:04:36.329,22,2017-03-14,10:04:36.329,10,,,,,,,,,,,,,1,,,,,,LVuSesZYRN5z+xu0oxFfmA==
/home/maxime/Documents/memoire/tests,,C-DASY_20170314_230311_035.wav,5,2017-03-14,23:03:11.035,23,2017-03-14,11:03:11.035,11,,,,,,,,,,,,,1,,,,,,mcNs/8IBLUatGIb3DDPBlg==
/home/maxime/Documents/memoire/tests,,C-DASY_20170314_230415_867.wav,3.232667,2017-03-14,23:04:15.867,23,2017-03-14,11:04:15.867,11,,,,,,,,,,,,,1,,,,,,bBn4wae7DkGwILI88m15fA==
/home/maxime/Documents/memoire/tests,,C-DASY_20170315_001101_235.wav,5,2017-03-15,00:11:01.235,0,2017-03-14,12:11:01.235,12,,,,,,,,,,,,,1,,,,,,XmfQKuuunS3NqQayP+G7ug==
/home/maxime/Documents/memoire/tests,,C-DASY_20170315_011359_578.wav,3.121333,2017-03-15,01:13:59.578,1,2017-03-14,13:13:59.578,13,,,,,,,,,,,,,1,,,,,,MkabHgiJqFRb6IJPZfXDQA==
/home/maxime/Documents/memoire/tests,,C-DASY_20170315_213033_731.wav,5,2017-03-15,21:30:33.731,21,2017-03-15,09:30:33.731,9,,,,,,,,,,,,,1,,,,,,1GkwQuZkrmtHKM7grX8osA==
/home/maxime/Documents/memoire/tests,,C-DASY_20170315_224718_769.wav,3.03,2017-03-15,22:47:18.768,22,2017-03-15,10:47:18.768,10,,,,,,,,,,,,,1,,,,,,1+YmZNCmxv/y9AitY7hx/A==
/home/maxime/Documents/memoire/tests,,C-DASY_20170315_231349_351.wav,5,2017-03-15,23:13:49.350,23,2017-03-15,11:13:49.350,11,,,,,,,,,,,,,1,,,,,,5SsRMBesnXYpOvRS7e31iw==
/home/maxime/Documents/memoire/tests,,C-DASY_20170315_233511_343.wav,5,2017-03-15,23:35:11.343,23,2017-03-15,11:35:11.343,11,,,,,,,,,,,,,1,,,,,,hLV+wyjK61QBuRT1bqfYEA==
/home/maxime/Documents/memoire/tests,,C-DASY_20170315_233516_343.wav,0.656,2017-03-15,23:35:16.343,23,2017-03-15,11:35:16.343,11,,,,,,,,,,,,,1,,,,,,AjMBUbjdjxcdvcVDCMpG5Q==
/home/maxime/Documents/memoire/tests,,C-DASY_20170315_233517_153.wav,3.646,2017-03-15,23:35:17.152,23,2017-03-15,11:35:17.152,11,,,,,,,,,,,,,1,,,,,,d86ejFt+b3stBR6ec+ttJw==
/home/maxime/Documents/memoire/tests,,C-DASY_20170316_210317_170.wav,5,2017-03-16,21:03:17.170,21,2017-03-16,09:03:17.170,9,,,,,,,,,,,,,1,,,,,,bW925oswRXE29Gkcu7PxbQ==
/home/maxime/Documents/memoire/tests,,C-DASY_20170316_221557_814.wav,5,2017-03-16,22:15:57.814,22,2017-03-16,10:15:57.814,10,,,,,,,,,,,,,1,,,,,,ys81qLeMxinP888WP0PF8Q==
/home/maxime/Documents/memoire/tests,,C-DASY_20170316_221615_266.wav,3.133333,2017-03-16,22:16:15.266,22,2017-03-16,10:16:15.266,10,,,,,,,,,,,,,1,,,,,,aAjJ8QRbnvaZsImczG23eQ==
/home/maxime/Documents/memoire/tests,,C-DASY_20170316_224828_252.wav,5,2017-03-16,22:48:28.251,22,2017-03-16,10:48:28.251,10,,,,,,,,,,,,,1,,,,,,sHeAnry/9QdNOC0ZRHGpIw==
/home/maxime/Documents/memoire/tests,,C-DASY_20170316_225113_789.wav,4.410666,2017-03-16,22:51:13.788,22,2017-03-16,10:51:13.788,10,,,,,,,,,,,,,1,,,,,,RpkXja+gvFXsVL2KixWN4g==
/home/maxime/Documents/memoire/tests,,C-DASY_20170316_230607_693.wav,1.706,2017-03-16,23:06:07.692,23,2017-03-16,11:06:07.692,11,,,,,,,,,,,,,1,,,,,,CX0Z1gOq2qglZo1c2Nr2sQ==
/home/maxime/Documents/memoire/tests,,C-DASY_20170316_233137_715.wav,4.784667,2017-03-16,23:31:37.715,23,2017-03-16,11:31:37.715,11,,,,,,,,,,,,,1,,,,,,If/iXm0lr4TdWTxcayalLQ==
/home/maxime/Documents/memoire/tests,,C-DASY_20170316_233746_405.wav,3.994667,2017-03-16,23:37:46.405,23,2017-03-16,11:37:46.405,11,,,,,,,,,,,,,1,,,,,,5YaIALsInDu1yVcqoq+jbg==
/home/maxime/Documents/memoire/tests,,C-DASY_20170317_005300_927.wav,1.074,2017-03-17,00:53:00.927,0,2017-03-16,12:53:00.927,12,,,,,,,,,,,,,1,,,,,,VvyrmkKh30xhBFpHYJ1kRg==
/home/maxime/Documents/memoire/tests,,C-DASY_20170317_013300_121.wav,1.88,2017-03-17,01:33:00.121,1,2017-03-16,13:33:00.121,13,,,,,,,,,,,,,1,,,,,,kTJ6qaPbgIKh2NiqMCqkzA==
/home/maxime/Documents/memoire/tests,,C-DASY_20170317_013304_000.wav,5,2017-03-17,01:33:04,1,2017-03-16,13:33:04,13,,,,,,,,,,,,,1,,,,,,v34na6IyBLh9R2eB5tdZkQ==
/home/maxime/Documents/memoire/tests,,C-DASY_20170317_011735_917.wav,3.682667,2017-03-17,01:17:35.917,1,2017-03-16,13:17:35.917,13,,,,,,,,,,,,,1,,,,,,WEKIqTGybcEhxC/jS2PzGQ==
/home/maxime/Documents/memoire/tests,,C-DASY_20170321_031318_089.wav,5,2017-03-21,03:13:18.088,3,2017-03-20,15:13:18.088,15,,,,,,,,,,,,,1,,,,,,SM4ZX744B/C6ODdauzhkRg==
/home/maxime/Documents/memoire/tests,,C-DASY_20170321_231235_993.wav,4.506,2017-03-21,23:12:35.993,23,2017-03-21,11:12:35.993,11,,,,,,,,,,,,,1,,,,,,ksM/oafPG8KAjCwiQBl/YA==
/home/maxime/Documents/memoire/tests,,C-DASY_20170322_003000_760.wav,3.039333,2017-03-22,00:30:00.760,0,2017-03-21,12:30:00.760,12,,,,,,,,,,,,,1,,,,,,oVZ6YzWcQFTFwPeLqRED0Q==
/home/maxime/Documents/memoire/tests,,C-DASY_20170322_212231_855.wav,5,2017-03-22,21:22:31.855,21,2017-03-22,09:22:31.855,9,,,,,,,,,,,,,1,,,,,,kS32C+fTnHbijJn/7DwqDA==
/home/maxime/Documents/memoire/tests,,C-DASY_20170322_230549_328.wav,2.271333,2017-03-22,23:05:49.328,23,2017-03-22,11:05:49.328,11,,,,,,,,,,,,,1,,,,,,fIu/ZL+KUgUH8qXV6MQuJg==
/home/maxime/Documents/memoire/tests,,C-DASY_20170323_223602_297.wav,5,2017-03-23,22:36:02.297,22,2017-03-23,10:36:02.297,10,,,,,,,,,,,,,1,,,,,,F+xd/LNlUb+eT+HQddgSBg==
/home/maxime/Documents/memoire/tests,,C-DASY_20170323_224559_828.wav,5,2017-03-23,22:45:59.828,22,2017-03-23,10:45:59.828,10,,,,,,,,,,,,,1,,,,,,tfJFRq1cH6aF1bXtUxPcEg==
/home/maxime/Documents/memoire/tests,,C-DASY_20170324_213005_934.wav,5,2017-03-24,21:30:05.934,21,2017-03-24,09:30:05.934,9,,,,,,,,,,,,,1,,,,,,cZrgETxNOZvK39lx1bCISw==
/home/maxime/Documents/memoire/tests,,C-DASY_20170324_214428_708.wav,3.191333,2017-03-24,21:44:28.707,21,2017-03-24,09:44:28.707,9,,,,,,,,,,,,,1,,,,,,hIPRSXGBpDInN459DD3Z9A==
/home/maxime/Documents/memoire/tests,,C-DASY_20170324_221150_105.wav,3.694,2017-03-24,22:11:50.103,22,2017-03-24,10:11:50.103,10,,,,,,,,,,,,,1,,,,,,3s2mgeVrsU5sV12muTNJbw==
/home/maxime/Documents/memoire/tests,,C-DASY_20170324_222353_763.wav,3.036,2017-03-24,22:23:53.762,22,2017-03-24,10:23:53.762,10,,,,,,,,,,,,,1,,,,,,d+fvIZGNpjYohh+icCShfg==
/home/maxime/Documents/memoire/tests,,C-DASY_20170324_225534_935.wav,5,2017-03-24,22:55:34.935,22,2017-03-24,10:55:34.935,10,,,,,,,,,,,,,1,,,,,,HFcSXtHis6A1iWmpowj67g==
/home/maxime/Documents/memoire/tests,,C-DASY_20170324_232750_625.wav,4.274667,2017-03-24,23:27:50.625,23,2017-03-24,11:27:50.625,11,,,,,,,,,,,,,1,,,,,,ff/4Hpv+wi7iNhIG3UWZvA==
/home/maxime/Documents/memoire/tests,,C-DASY_20170324_233111_895.wav,5,2017-03-24,23:31:11.894,23,2017-03-24,11:31:11.894,11,,,,,,,,,,,,,1,,,,,,13168ma4n6vIrTBoaf5MIw==
/home/maxime/Documents/memoire/tests,,C-DASY_20170324_233655_716.wav,5,2017-03-24,23:36:55.716,23,2017-03-24,11:36:55.716,11,,,,,,,,,,,,,1,,,,,,o0FM/zFrW4Xaar+ERfF2mw==
/home/maxime/Documents/memoire/tests,,C-DASY_20170324_235445_958.wav,2.841333,2017-03-24,23:54:45.957,23,2017-03-24,11:54:45.957,11,,,,,,,,,,,,,1,,,,,,KG3RghfctIMV2iVJup9oeQ==
